﻿Business Term Technical Element Relationship ID,Business Term   (Foreign ID),Business Term  ,Technical Element   (Foreign ID),Technical Element  ,Type   (Foreign ID),Type  
1,240,School ID,3,SCHOOL_ID,1,Type1
2,243,Average Tuition Fee,4,AVERAGE_TUITION_FEE,1,Type1
3,244,Google Place URL,5,GOOGLE_PLACE_URL,1,Type1
4,245,Address Line 1,6,ADDRESS_LINE1,1,Type1
5,246,Latitude,7,LATITUDE,1,Type1
6,247,Longitude,8,LONGITUDE,1,Type1
7,248,City,9,CITY,1,Type1
8,249,State,10,STATE,1,Type1
9,312,First Name,12,FIRST_NAME,1,Type1
10,313,Last Name,13,LAST_NAME,1,Type1
11,314,Email,14,EMAIL,1,Type1
12,315,Job Title,15,JOB_TITLE,1,Type1
13,316,Primary Phone,16,PRIMARY_PHONE,1,Type1
14,317,Secondary Phone,17,SECONDARY_PHONE,1,Type1
15,318,Linkedin URL,18,LINKEDIN_URL,1,Type1
16,319,Enable Partner Center Access,19,ENABLE_PARTNER_CENTER_ACCESS,1,Type1
17,320,Is Partner Admin,20,IS_PARTNER_ADMIN,1,Type1
18,321,Enable Demo Server Access,21,ENABLE_DEMO_SERVER_ACCESS,1,Type1
19,322,Parent Party   (Foreign ID),22,PARENT_PARTY_(FOREIGN_ID),1,Type1
20,323,Parent Party  ,23,PARENT_PARTY,1,Type1
21,324,Subsidiary   (Foreign ID),24,SUBSIDIARY_(FOREIGN_ID),1,Type1
22,325,Subsidiary  ,25,SUBSIDIARY,1,Type1
23,326,Training Level,26,TRAINING_LEVEL,1,Type1
24,315,Job Title,27,JOB_ROLE,1,Type1
25,243,Average Tuition Fee,28,AVERAGE_TUITION_FEE_SENIORS,1,Type1
26,243,Average Tuition Fee,30,AVERAGE_TUITION_FEE_JUNIORS,1,Type1
27,243,Average Tuition Fee,29,TUITION_FEE_AMOUNT,1,Type1
