﻿Name,ID,Label,Description,Calculated,Mandatory,Scale,Precision,Min Length,Max Length,Status,Indexed,Technical Element Type   (Foreign ID),Technical Element Type  ,Data Type   (Foreign ID),Data Type  ,Application   (Foreign ID),Application  
ADDRESS_LINE1,6,Address Line 1,,false,false,0,0,0,"2,000",,false,1,Attribute,10,String,16,Semarchy
AVERAGE_TUITION_FEE,4,Average Tuition Fee,,true,false,0,10,0,8,,false,1,Attribute,6,Integer,16,Semarchy
AVERAGE_TUITION_FEE_JUNIORS,30,Junior Average Tuition Fee,,true,false,,,,32,,false,1,Attribute,6,Integer,15,ES Oracle DB
AVERAGE_TUITION_FEE_SENIORS,28,Average Senior Tuition Fee,,true,false,0,0,,32,,false,1,Attribute,6,Integer,15,ES Oracle DB
CITY,9,City,,false,false,0,0,0,128,,false,1,Attribute,10,String,16,Semarchy
EMAIL,14,Email,,false,false,0,0,0,128,,false,1,Attribute,10,String,15,ES Oracle DB
ENABLE_DEMO_SERVER_ACCESS,21,Enable Demo Server Access,,false,false,,,,,,false,1,Attribute,2,Boolean,15,ES Oracle DB
ENABLE_PARTNER_CENTER_ACCESS,19,Enable Partner Center Access,,false,false,,,,,,false,1,Attribute,2,Boolean,15,ES Oracle DB
FIRST_NAME,12,First Name,,false,true,0,0,2,64,,false,1,Attribute,10,String,15,ES Oracle DB
GOOGLE_PLACE_URL,5,Google Place URL,,false,false,0,0,0,"2,000",,false,1,Attribute,10,String,16,Semarchy
IS_PARTNER_ADMIN,20,Is Partner Admin,,false,false,,,,,,false,1,Attribute,2,Boolean,15,ES Oracle DB
JOB_ROLE,27,Job Role,,false,false,0,0,0,32,,false,1,Attribute,10,String,16,Semarchy
JOB_TITLE,15,Job Title,,false,false,0,0,0,128,,false,1,Attribute,10,String,15,ES Oracle DB
LAST_NAME,13,Last Name,,false,true,0,0,2,64,,false,1,Attribute,10,String,15,ES Oracle DB
LATITUDE,7,Latitude,,false,false,6,20,0,6,,false,1,Attribute,5,Decimal,16,Semarchy
LINKEDIN_URL,18,Linkedin URL,,false,false,0,0,0,128,,false,1,Attribute,10,String,15,ES Oracle DB
LONGITUDE,8,Longitude,,false,false,6,20,0,6,,false,1,Attribute,5,Decimal,16,Semarchy
PARENT_PARTY,23,Parent Party  ,,false,false,0,0,0,128,,false,1,Attribute,10,String,15,ES Oracle DB
PARENT_PARTY_(FOREIGN_ID),22,Parent Party   (Foreign ID),,false,false,0,0,0,4,,false,1,Attribute,6,Integer,15,ES Oracle DB
PRIMARY_PHONE,16,Primary Phone,,false,true,0,0,0,16,,false,1,Attribute,10,String,15,ES Oracle DB
SCHOOL_ID,3,School ID,,false,true,0,38,1,8,,false,1,Attribute,10,String,16,Semarchy
SECONDARY_PHONE,17,Secondary Phone,,false,false,0,0,0,16,,false,1,Attribute,10,String,15,ES Oracle DB
STATE,10,State,,false,false,0,0,0,128,,false,1,Attribute,10,String,16,Semarchy
SUBSIDIARY,25,Subsidiary  ,,false,false,0,0,0,128,,false,1,Attribute,10,String,15,ES Oracle DB
SUBSIDIARY_(FOREIGN_ID),24,Subsidiary   (Foreign ID),,false,false,0,0,0,4,,false,1,Attribute,6,Integer,15,ES Oracle DB
TRAINING_LEVEL,26,Training Level,,false,false,0,0,0,36,,false,1,Attribute,10,String,15,ES Oracle DB
TUITION_FEE_AMOUNT,29,Tuition Fee Amount,,true,false,,,,32,,false,1,Attribute,6,Integer,15,ES Oracle DB
