﻿ID,English Short Name,Local Short Name,ISO 2 Letter Code,ISO 3 Letter Code,Numeric Code,GEC,English Full Name,Class Name,Batch ID,Created On,Updated On,Created By,Updated By,Golden Type,View Type
AD,Andorra,Andorra,AD,AND,20,AN,Principality of Andorra,Country,"1,646",25-Feb-2021 20:35:23,25-Feb-2021 20:35:23,trevor.dobbin@semarchy.com,trevor.dobbin@semarchy.com,DE_BASED,GD
AE,United Arab Emirates,دولة الإمارات العربيّة المتّحدة,AE,ARE,784,AE,United Arab Emirates,Country,"1,646",25-Feb-2021 20:35:23,25-Feb-2021 20:35:23,trevor.dobbin@semarchy.com,trevor.dobbin@semarchy.com,DE_BASED,GD
AF,Afghanistan,"د افغانستان اسلامي دولتدولت اسلامی افغانستان, جمهوری اسلامی افغانستان",AF,AFG,4,AF,Islamic State of Afghanistan,Country,"1,646",25-Feb-2021 20:35:23,25-Feb-2021 20:35:23,trevor.dobbin@semarchy.com,trevor.dobbin@semarchy.com,DE_BASED,GD
AG,Antigua and Barbuda,Antigua and Barbuda,AG,ATG,28,AC,Antigua and Barbuda,Country,"1,646",25-Feb-2021 20:35:23,25-Feb-2021 20:35:23,trevor.dobbin@semarchy.com,trevor.dobbin@semarchy.com,DE_BASED,GD
AL,Albania,Shqipëria,AL,ALB,8,AL,Republic of Albania,Country,"1,646",25-Feb-2021 20:35:23,25-Feb-2021 20:35:23,trevor.dobbin@semarchy.com,trevor.dobbin@semarchy.com,DE_BASED,GD
AM,Armenia,Հայաստան,AM,ARM,51,AM,Republic of Armenia,Country,"1,646",25-Feb-2021 20:35:23,25-Feb-2021 20:35:23,trevor.dobbin@semarchy.com,trevor.dobbin@semarchy.com,DE_BASED,GD
AO,Angola,Angola,AO,AGO,24,AO,Republic of Angola,Country,"1,646",25-Feb-2021 20:35:23,25-Feb-2021 20:35:23,trevor.dobbin@semarchy.com,trevor.dobbin@semarchy.com,DE_BASED,GD
AR,Argentina,Argentina,AR,ARG,32,AR,Argentine Republic,Country,"1,646",25-Feb-2021 20:35:23,25-Feb-2021 20:35:23,trevor.dobbin@semarchy.com,trevor.dobbin@semarchy.com,DE_BASED,GD
AT,Austria,Österreich,AT,AUT,40,AU,Republic of Austria,Country,"1,646",25-Feb-2021 20:35:23,25-Feb-2021 20:35:23,trevor.dobbin@semarchy.com,trevor.dobbin@semarchy.com,DE_BASED,GD
AU,Australia,Australia,AU,AUS,36,AS,Commonwealth of Australia,Country,"1,646",25-Feb-2021 20:35:23,25-Feb-2021 20:35:23,trevor.dobbin@semarchy.com,trevor.dobbin@semarchy.com,DE_BASED,GD
AZ,Azerbaijan,Azərbaycan,AZ,AZE,31,AJ,Republic of Azerbaijan,Country,"1,646",25-Feb-2021 20:35:23,25-Feb-2021 20:35:23,trevor.dobbin@semarchy.com,trevor.dobbin@semarchy.com,DE_BASED,GD
BA,Bosnia and Herzegovina,Bosna i Hercegovina,BA,BIH,70,BK,Bosnia and Herzegovina,Country,"1,646",25-Feb-2021 20:35:23,25-Feb-2021 20:35:23,trevor.dobbin@semarchy.com,trevor.dobbin@semarchy.com,DE_BASED,GD
BB,Barbados,Barbados,BB,BRB,52,BB,Barbados,Country,"1,646",25-Feb-2021 20:35:23,25-Feb-2021 20:35:23,trevor.dobbin@semarchy.com,trevor.dobbin@semarchy.com,DE_BASED,GD
BD,Bangladesh,গণপ্রজাতন্ত্রী বাংলাদেশ,BD,BGD,50,BG,People's Republic of Bangladesh,Country,"1,646",25-Feb-2021 20:35:23,25-Feb-2021 20:35:23,trevor.dobbin@semarchy.com,trevor.dobbin@semarchy.com,DE_BASED,GD
BE,Belgium,"België, Belgique, Belgien",BE,BEL,56,BE,Kingdom of Belgium,Country,"1,646",25-Feb-2021 20:35:23,25-Feb-2021 20:35:23,trevor.dobbin@semarchy.com,trevor.dobbin@semarchy.com,DE_BASED,GD
BF,Burkina Faso,Burkina Faso,BF,BFA,854,UV,Burkina Faso,Country,"1,646",25-Feb-2021 20:35:23,25-Feb-2021 20:35:23,trevor.dobbin@semarchy.com,trevor.dobbin@semarchy.com,DE_BASED,GD
BG,Bulgaria,България,BG,BGR,100,BU,Republic of Bulgaria,Country,"1,646",25-Feb-2021 20:35:23,25-Feb-2021 20:35:23,trevor.dobbin@semarchy.com,trevor.dobbin@semarchy.com,DE_BASED,GD
BH,Bahrain,البحرين,BH,BHR,48,BA,Kingdom of Bahrain,Country,"1,646",25-Feb-2021 20:35:23,25-Feb-2021 20:35:23,trevor.dobbin@semarchy.com,trevor.dobbin@semarchy.com,DE_BASED,GD
BI,Burundi,Burundi,BI,BDI,108,BY,Republic of Burundi,Country,"1,646",25-Feb-2021 20:35:23,25-Feb-2021 20:35:23,trevor.dobbin@semarchy.com,trevor.dobbin@semarchy.com,DE_BASED,GD
BJ,Benin,Bénin,BJ,BEN,204,BN,Republic of Benin,Country,"1,646",25-Feb-2021 20:35:23,25-Feb-2021 20:35:23,trevor.dobbin@semarchy.com,trevor.dobbin@semarchy.com,DE_BASED,GD
BN,Brunei,Brunei Darussalam,BN,BRN,96,BX,Negara Brunei Darussalam,Country,"1,646",25-Feb-2021 20:35:23,25-Feb-2021 20:35:23,trevor.dobbin@semarchy.com,trevor.dobbin@semarchy.com,DE_BASED,GD
BO,Bolivia,"Bolivia, Bulibiya, Volívia, Wuliwya",BO,BOL,68,BL,Republic of Bolivia,Country,"1,646",25-Feb-2021 20:35:23,25-Feb-2021 20:35:23,trevor.dobbin@semarchy.com,trevor.dobbin@semarchy.com,DE_BASED,GD
BR,Brazil,Brasil,BR,BRA,76,BR,Federative Republic of Brazil,Country,"1,646",25-Feb-2021 20:35:23,25-Feb-2021 20:35:23,trevor.dobbin@semarchy.com,trevor.dobbin@semarchy.com,DE_BASED,GD
BS,"Bahamas, The",Bahamas,BS,BHS,44,BF,Commonwealth of The Bahamas,Country,"1,646",25-Feb-2021 20:35:23,25-Feb-2021 20:35:23,trevor.dobbin@semarchy.com,trevor.dobbin@semarchy.com,DE_BASED,GD
BT,Bhutan,འབྲུག་ཡུལ,BT,BTN,64,BT,Kingdom of Bhutan,Country,"1,646",25-Feb-2021 20:35:23,25-Feb-2021 20:35:23,trevor.dobbin@semarchy.com,trevor.dobbin@semarchy.com,DE_BASED,GD
BW,Botswana,Botswana,BW,BWA,72,BC,Republic of Botswana,Country,"1,646",25-Feb-2021 20:35:23,25-Feb-2021 20:35:23,trevor.dobbin@semarchy.com,trevor.dobbin@semarchy.com,DE_BASED,GD
BY,Belarus,Беларусь,BY,BLR,112,BO,Republic of Belarus,Country,"1,646",25-Feb-2021 20:35:23,25-Feb-2021 20:35:23,trevor.dobbin@semarchy.com,trevor.dobbin@semarchy.com,DE_BASED,GD
BZ,Belize,Belize,BZ,BLZ,84,BH,Belize,Country,"1,646",25-Feb-2021 20:35:23,25-Feb-2021 20:35:23,trevor.dobbin@semarchy.com,trevor.dobbin@semarchy.com,DE_BASED,GD
CA,Canada,Canada,CA,CAN,124,CA,Canada,Country,"1,646",25-Feb-2021 20:35:23,25-Feb-2021 20:35:23,trevor.dobbin@semarchy.com,trevor.dobbin@semarchy.com,DE_BASED,GD
CD,"Congo, DRC",République Démocratique du Congo,CD,COD,180,CG,Democratic Republic of the Congo,Country,"1,646",25-Feb-2021 20:35:23,25-Feb-2021 20:35:23,trevor.dobbin@semarchy.com,trevor.dobbin@semarchy.com,DE_BASED,GD
CF,Central African Republic,"République centrafricaine, Ködörösêse tî Bêafrîka",CF,CAF,140,CT,Central African Republic,Country,"1,646",25-Feb-2021 20:35:23,25-Feb-2021 20:35:23,trevor.dobbin@semarchy.com,trevor.dobbin@semarchy.com,DE_BASED,GD
CG,Congo,République du Congo,CG,COG,178,CF,Republic of the Congo,Country,"1,646",25-Feb-2021 20:35:23,25-Feb-2021 20:35:23,trevor.dobbin@semarchy.com,trevor.dobbin@semarchy.com,DE_BASED,GD
CH,Switzerland,"Schweiz, Suisse, Svizzera, Svizra",CH,CHE,756,SZ,Swiss Confederation,Country,"1,646",25-Feb-2021 20:35:23,25-Feb-2021 20:35:23,trevor.dobbin@semarchy.com,trevor.dobbin@semarchy.com,DE_BASED,GD
CI,Cote d'Ivoire (Ivory Coast),Côte d'Ivoire,CI,CIV,384,IV,Republic of Cote d'Ivoire,Country,"1,646",25-Feb-2021 20:35:23,25-Feb-2021 20:35:23,trevor.dobbin@semarchy.com,trevor.dobbin@semarchy.com,DE_BASED,GD
CL,Chile,Chile,CL,CHL,152,CI,Republic of Chile,Country,"1,646",25-Feb-2021 20:35:23,25-Feb-2021 20:35:23,trevor.dobbin@semarchy.com,trevor.dobbin@semarchy.com,DE_BASED,GD
CM,Cameroon,"Cameroun, Cameroon",CM,CMR,120,CM,Republic of Cameroon,Country,"1,646",25-Feb-2021 20:35:23,25-Feb-2021 20:35:23,trevor.dobbin@semarchy.com,trevor.dobbin@semarchy.com,DE_BASED,GD
CN,China,中国,CN,CHN,156,CH,People's Republic of China,Country,"1,646",25-Feb-2021 20:35:23,25-Feb-2021 20:35:23,trevor.dobbin@semarchy.com,trevor.dobbin@semarchy.com,DE_BASED,GD
CO,Colombia,Colombia,CO,COL,170,CO,Republic of Colombia,Country,"1,646",25-Feb-2021 20:35:23,25-Feb-2021 20:35:23,trevor.dobbin@semarchy.com,trevor.dobbin@semarchy.com,DE_BASED,GD
CR,Costa Rica,Costa Rica,CR,CRI,188,CS,Republic of Costa Rica,Country,"1,646",25-Feb-2021 20:35:23,25-Feb-2021 20:35:23,trevor.dobbin@semarchy.com,trevor.dobbin@semarchy.com,DE_BASED,GD
CU,Cuba,Cuba,CU,CUB,192,CU,Republic of Cuba,Country,"1,646",25-Feb-2021 20:35:23,25-Feb-2021 20:35:23,trevor.dobbin@semarchy.com,trevor.dobbin@semarchy.com,DE_BASED,GD
CV,Cape Verde,Cabo Verde,CV,CPV,132,CV,Republic of Cape Verde,Country,"1,646",25-Feb-2021 20:35:23,25-Feb-2021 20:35:23,trevor.dobbin@semarchy.com,trevor.dobbin@semarchy.com,DE_BASED,GD
CY,Cyprus,"Κύπρος, Kibris",CY,CYP,196,CY,Republic of Cyprus,Country,"1,646",25-Feb-2021 20:35:23,25-Feb-2021 20:35:23,trevor.dobbin@semarchy.com,trevor.dobbin@semarchy.com,DE_BASED,GD
CZ,Czech Republic,Česká republika,CZ,CZE,203,EZ,Czech Republic,Country,"1,646",25-Feb-2021 20:35:23,25-Feb-2021 20:35:23,trevor.dobbin@semarchy.com,trevor.dobbin@semarchy.com,DE_BASED,GD
DE,Germany,Deutschland,DE,DEU,276,GM,Federal Republic of Germany,Country,"1,646",25-Feb-2021 20:35:23,25-Feb-2021 20:35:23,trevor.dobbin@semarchy.com,trevor.dobbin@semarchy.com,DE_BASED,GD
DJ,Djibouti,"Djibouti, جيبوتي, Jabuuti, Gabuutih",DJ,DJI,262,DJ,Republic of Djibouti,Country,"1,646",25-Feb-2021 20:35:23,25-Feb-2021 20:35:23,trevor.dobbin@semarchy.com,trevor.dobbin@semarchy.com,DE_BASED,GD
DK,Denmark,Danmark,DK,DNK,208,DA,Kingdom of Denmark,Country,"1,646",25-Feb-2021 20:35:23,25-Feb-2021 20:35:23,trevor.dobbin@semarchy.com,trevor.dobbin@semarchy.com,DE_BASED,GD
DM,Dominica,Dominica,DM,DMA,212,DO,Commonwealth of Dominica,Country,"1,646",25-Feb-2021 20:35:23,25-Feb-2021 20:35:23,trevor.dobbin@semarchy.com,trevor.dobbin@semarchy.com,DE_BASED,GD
DO,Dominican Republic,República Dominicana,DO,DOM,214,DR,Dominican Republic,Country,"1,646",25-Feb-2021 20:35:23,25-Feb-2021 20:35:23,trevor.dobbin@semarchy.com,trevor.dobbin@semarchy.com,DE_BASED,GD
DZ,Algeria,الجزائر,DZ,DZA,12,AG,People's Democratic Republic of Algeria,Country,"1,646",25-Feb-2021 20:35:23,25-Feb-2021 20:35:23,trevor.dobbin@semarchy.com,trevor.dobbin@semarchy.com,DE_BASED,GD
EC,Ecuador,Ecuador,EC,ECU,218,EC,Republic of Ecuador,Country,"1,646",25-Feb-2021 20:35:23,25-Feb-2021 20:35:23,trevor.dobbin@semarchy.com,trevor.dobbin@semarchy.com,DE_BASED,GD
EE,Estonia,Eesti,EE,EST,233,EN,Republic of Estonia,Country,"1,646",25-Feb-2021 20:35:23,25-Feb-2021 20:35:23,trevor.dobbin@semarchy.com,trevor.dobbin@semarchy.com,DE_BASED,GD
EG,Egypt,مصر,EG,EGY,818,EG,Arab Republic of Egypt,Country,"1,646",25-Feb-2021 20:35:23,25-Feb-2021 20:35:23,trevor.dobbin@semarchy.com,trevor.dobbin@semarchy.com,DE_BASED,GD
ER,Eritrea,"ኤርትራ, إرتريا, Eritrea",ER,ERI,232,ER,State of Eritrea,Country,"1,646",25-Feb-2021 20:35:23,25-Feb-2021 20:35:23,trevor.dobbin@semarchy.com,trevor.dobbin@semarchy.com,DE_BASED,GD
ES,Spain,España,ES,ESP,724,SP,Kingdom of Spain,Country,"1,646",25-Feb-2021 20:35:23,25-Feb-2021 20:35:23,trevor.dobbin@semarchy.com,trevor.dobbin@semarchy.com,DE_BASED,GD
ET,Ethiopia,"ኢትዮጵያ, Itoophiyaa",ET,ETH,231,ET,Federal Democratic Republic of Ethiopia,Country,"1,646",25-Feb-2021 20:35:23,25-Feb-2021 20:35:23,trevor.dobbin@semarchy.com,trevor.dobbin@semarchy.com,DE_BASED,GD
FI,Finland,Suomi,FI,FIN,246,FI,Republic of Finland,Country,"1,646",25-Feb-2021 20:35:23,25-Feb-2021 20:35:23,trevor.dobbin@semarchy.com,trevor.dobbin@semarchy.com,DE_BASED,GD
FJ,Fiji,Fiji,FJ,FJI,242,FJ,Republic of the Fiji Islands,Country,"1,646",25-Feb-2021 20:35:23,25-Feb-2021 20:35:23,trevor.dobbin@semarchy.com,trevor.dobbin@semarchy.com,DE_BASED,GD
FM,Micronesia,Micronesia,FM,FSM,583,FM,Federated States of Micronesia,Country,"1,646",25-Feb-2021 20:35:23,25-Feb-2021 20:35:23,trevor.dobbin@semarchy.com,trevor.dobbin@semarchy.com,DE_BASED,GD
FR,France,France,FR,FRA,250,FR,French Republic,Country,"1,646",25-Feb-2021 20:35:23,25-Feb-2021 20:35:23,trevor.dobbin@semarchy.com,trevor.dobbin@semarchy.com,DE_BASED,GD
GA,Gabon,Gabon,GA,GAB,266,GB,Gabonese Republic,Country,"1,646",25-Feb-2021 20:35:23,25-Feb-2021 20:35:23,trevor.dobbin@semarchy.com,trevor.dobbin@semarchy.com,DE_BASED,GD
GB,United Kingdom,United Kingdom,GB,GBR,826,UK,United Kingdom of Great Britain and Northern Ireland,Country,"1,646",25-Feb-2021 20:35:23,25-Feb-2021 20:35:23,trevor.dobbin@semarchy.com,trevor.dobbin@semarchy.com,DE_BASED,GD
GD,Grenada,Grenada,GD,GRD,308,GJ,Grenada,Country,"1,646",25-Feb-2021 20:35:23,25-Feb-2021 20:35:23,trevor.dobbin@semarchy.com,trevor.dobbin@semarchy.com,DE_BASED,GD
GE,Georgia,საქართველო,GE,GEO,268,GG,Republic of Georgia,Country,"1,646",25-Feb-2021 20:35:23,25-Feb-2021 20:35:23,trevor.dobbin@semarchy.com,trevor.dobbin@semarchy.com,DE_BASED,GD
GH,Ghana,Ghana,GH,GHA,288,GH,Republic of Ghana,Country,"1,646",25-Feb-2021 20:35:23,25-Feb-2021 20:35:23,trevor.dobbin@semarchy.com,trevor.dobbin@semarchy.com,DE_BASED,GD
GM,"Gambia, The",The Gambia,GM,GMB,270,GA,Republic of The Gambia,Country,"1,646",25-Feb-2021 20:35:23,25-Feb-2021 20:35:23,trevor.dobbin@semarchy.com,trevor.dobbin@semarchy.com,DE_BASED,GD
GN,Guinea,Guinée,GN,GIN,324,GV,Republic of Guinea,Country,"1,646",25-Feb-2021 20:35:23,25-Feb-2021 20:35:23,trevor.dobbin@semarchy.com,trevor.dobbin@semarchy.com,DE_BASED,GD
GQ,Equatorial Guinea,"Guiena ecuatorial, Guinée équatoriale, Guiné Equatorial",GQ,GNQ,226,EK,Republic of Equatorial Guinea,Country,"1,646",25-Feb-2021 20:35:23,25-Feb-2021 20:35:23,trevor.dobbin@semarchy.com,trevor.dobbin@semarchy.com,DE_BASED,GD
GR,Greece,Ελλάδα,GR,GRC,300,GR,Hellenic Republic,Country,"1,646",25-Feb-2021 20:35:23,25-Feb-2021 20:35:23,trevor.dobbin@semarchy.com,trevor.dobbin@semarchy.com,DE_BASED,GD
GT,Guatemala,Guatemala,GT,GTM,320,GT,Republic of Guatemala,Country,"1,646",25-Feb-2021 20:35:23,25-Feb-2021 20:35:23,trevor.dobbin@semarchy.com,trevor.dobbin@semarchy.com,DE_BASED,GD
GW,Guinea-Bissau,Guiné-Bissau,GW,GNB,624,PU,Republic of Guinea-Bissau,Country,"1,646",25-Feb-2021 20:35:23,25-Feb-2021 20:35:23,trevor.dobbin@semarchy.com,trevor.dobbin@semarchy.com,DE_BASED,GD
GY,Guyana,Guyana,GY,GUY,328,GY,Co-operative Republic of Guyana,Country,"1,646",25-Feb-2021 20:35:23,25-Feb-2021 20:35:23,trevor.dobbin@semarchy.com,trevor.dobbin@semarchy.com,DE_BASED,GD
HK,Hong Kong,Hong Kong,HK,HKG,344,HK,Hong Kong Special Administrative Region,Country,"1,646",25-Feb-2021 20:35:23,25-Feb-2021 20:35:23,trevor.dobbin@semarchy.com,trevor.dobbin@semarchy.com,DE_BASED,GD
HN,Honduras,Honduras,HN,HND,340,HO,Republic of Honduras,Country,"1,646",25-Feb-2021 20:35:23,25-Feb-2021 20:35:23,trevor.dobbin@semarchy.com,trevor.dobbin@semarchy.com,DE_BASED,GD
HR,Croatia,Hrvatska,HR,HRV,191,HR,Republic of Croatia,Country,"1,646",25-Feb-2021 20:35:23,25-Feb-2021 20:35:23,trevor.dobbin@semarchy.com,trevor.dobbin@semarchy.com,DE_BASED,GD
HT,Haiti,"Haïti, Ayiti",HT,HTI,332,HA,Republic of Haiti,Country,"1,646",25-Feb-2021 20:35:23,25-Feb-2021 20:35:23,trevor.dobbin@semarchy.com,trevor.dobbin@semarchy.com,DE_BASED,GD
HU,Hungary,Magyarország,HU,HUN,348,HU,Republic of Hungary,Country,"1,646",25-Feb-2021 20:35:23,25-Feb-2021 20:35:23,trevor.dobbin@semarchy.com,trevor.dobbin@semarchy.com,DE_BASED,GD
ID,Indonesia,Indonesia,ID,IDN,360,ID,Republic of Indonesia,Country,"1,646",25-Feb-2021 20:35:23,25-Feb-2021 20:35:23,trevor.dobbin@semarchy.com,trevor.dobbin@semarchy.com,DE_BASED,GD
IE,Ireland,"Ireland, Éire",IE,IRL,372,EI,Ireland,Country,"1,646",25-Feb-2021 20:35:23,25-Feb-2021 20:35:23,trevor.dobbin@semarchy.com,trevor.dobbin@semarchy.com,DE_BASED,GD
IL,Israel,ישראל,IL,ISR,376,IS,State of Israel,Country,"1,646",25-Feb-2021 20:35:23,25-Feb-2021 20:35:23,trevor.dobbin@semarchy.com,trevor.dobbin@semarchy.com,DE_BASED,GD
IN,India,"भारत, India",IN,IND,356,IN,Republic of India,Country,"1,646",25-Feb-2021 20:35:23,25-Feb-2021 20:35:23,trevor.dobbin@semarchy.com,trevor.dobbin@semarchy.com,DE_BASED,GD
IQ,Iraq,"العراق, Iraq",IQ,IRQ,368,IZ,Republic of Iraq,Country,"1,646",25-Feb-2021 20:35:23,25-Feb-2021 20:35:23,trevor.dobbin@semarchy.com,trevor.dobbin@semarchy.com,DE_BASED,GD
IR,Iran,ایران,IR,IRN,364,IR,Islamic Republic of Iran,Country,"1,646",25-Feb-2021 20:35:23,25-Feb-2021 20:35:23,trevor.dobbin@semarchy.com,trevor.dobbin@semarchy.com,DE_BASED,GD
IS,Iceland,Ísland,IS,ISL,352,IC,Republic of Iceland,Country,"1,646",25-Feb-2021 20:35:23,25-Feb-2021 20:35:23,trevor.dobbin@semarchy.com,trevor.dobbin@semarchy.com,DE_BASED,GD
IT,Italy,Italia,IT,ITA,380,IT,Italian Republic,Country,"1,646",25-Feb-2021 20:35:23,25-Feb-2021 20:35:23,trevor.dobbin@semarchy.com,trevor.dobbin@semarchy.com,DE_BASED,GD
JM,Jamaica,Jamaica,JM,JAM,388,JM,Jamaica,Country,"1,646",25-Feb-2021 20:35:23,25-Feb-2021 20:35:23,trevor.dobbin@semarchy.com,trevor.dobbin@semarchy.com,DE_BASED,GD
JO,Jordan,الأُرْدُن,JO,JOR,400,JO,Hashemite Kingdom of Jordan,Country,"1,646",25-Feb-2021 20:35:23,25-Feb-2021 20:35:23,trevor.dobbin@semarchy.com,trevor.dobbin@semarchy.com,DE_BASED,GD
JP,Japan,日本,JP,JPN,392,JA,Japan,Country,"1,646",25-Feb-2021 20:35:23,25-Feb-2021 20:35:23,trevor.dobbin@semarchy.com,trevor.dobbin@semarchy.com,DE_BASED,GD
KE,Kenya,Kenya,KE,KEN,404,KE,Republic of Kenya,Country,"1,646",25-Feb-2021 20:35:23,25-Feb-2021 20:35:23,trevor.dobbin@semarchy.com,trevor.dobbin@semarchy.com,DE_BASED,GD
KG,Kyrgyzstan,"Кыргызстан, Киргизия",KG,KGZ,417,KG,Kyrgyz Republic,Country,"1,646",25-Feb-2021 20:35:23,25-Feb-2021 20:35:23,trevor.dobbin@semarchy.com,trevor.dobbin@semarchy.com,DE_BASED,GD
KH,Cambodia,កម្ពុជា,KH,KHM,116,CB,Kingdom of Cambodia,Country,"1,646",25-Feb-2021 20:35:23,25-Feb-2021 20:35:23,trevor.dobbin@semarchy.com,trevor.dobbin@semarchy.com,DE_BASED,GD
KI,Kiribati,Kiribati,KI,KIR,296,KR,Republic of Kiribati,Country,"1,646",25-Feb-2021 20:35:23,25-Feb-2021 20:35:23,trevor.dobbin@semarchy.com,trevor.dobbin@semarchy.com,DE_BASED,GD
KM,Comoros,"ﺍﻟﻘﻤﺮي, Comores, Komori",KM,COM,174,CN,Union of Comoros,Country,"1,646",25-Feb-2021 20:35:23,25-Feb-2021 20:35:23,trevor.dobbin@semarchy.com,trevor.dobbin@semarchy.com,DE_BASED,GD
KN,Saint Kitts and Nevis,Saint Kitts and Nevis,KN,KNA,659,SC,Federation of Saint Kitts and Nevis,Country,"1,646",25-Feb-2021 20:35:23,25-Feb-2021 20:35:23,trevor.dobbin@semarchy.com,trevor.dobbin@semarchy.com,DE_BASED,GD
KP,"Korea, North",북조선,KP,PRK,408,KN,Democratic People's Republic of Korea,Country,"1,646",25-Feb-2021 20:35:23,25-Feb-2021 20:35:23,trevor.dobbin@semarchy.com,trevor.dobbin@semarchy.com,DE_BASED,GD
KR,"Korea, South",대한민국,KR,KOR,410,KS,Republic of Korea,Country,"1,646",25-Feb-2021 20:35:23,25-Feb-2021 20:35:23,trevor.dobbin@semarchy.com,trevor.dobbin@semarchy.com,DE_BASED,GD
KW,Kuwait,الكويت,KW,KWT,414,KU,State of Kuwait,Country,"1,646",25-Feb-2021 20:35:23,25-Feb-2021 20:35:23,trevor.dobbin@semarchy.com,trevor.dobbin@semarchy.com,DE_BASED,GD
KZ,Kazakhstan,"Қазақстан, Казахстан",KZ,KAZ,398,KZ,Republic of Kazakhstan,Country,"1,646",25-Feb-2021 20:35:23,25-Feb-2021 20:35:23,trevor.dobbin@semarchy.com,trevor.dobbin@semarchy.com,DE_BASED,GD
LA,Laos,ປະຊາຊົນລາວ,LA,LAO,418,LA,Lao People's Democratic Republic,Country,"1,646",25-Feb-2021 20:35:23,25-Feb-2021 20:35:23,trevor.dobbin@semarchy.com,trevor.dobbin@semarchy.com,DE_BASED,GD
LB,Lebanon,"لبنان, Liban",LB,LBN,422,LE,Lebanese Republic,Country,"1,646",25-Feb-2021 20:35:23,25-Feb-2021 20:35:23,trevor.dobbin@semarchy.com,trevor.dobbin@semarchy.com,DE_BASED,GD
LC,Saint Lucia,Saint Lucia,LC,LCA,662,ST,Saint Lucia,Country,"1,646",25-Feb-2021 20:35:23,25-Feb-2021 20:35:23,trevor.dobbin@semarchy.com,trevor.dobbin@semarchy.com,DE_BASED,GD
LI,Liechtenstein,Liechtenstein,LI,LIE,438,LS,Principality of Liechtenstein,Country,"1,646",25-Feb-2021 20:35:23,25-Feb-2021 20:35:23,trevor.dobbin@semarchy.com,trevor.dobbin@semarchy.com,DE_BASED,GD
LK,Sri Lanka,"ශ්‍රී ලංකා, இலங்கை",LK,LKA,144,CE,Democratic Socialist Republic of Sri Lanka,Country,"1,646",25-Feb-2021 20:35:23,25-Feb-2021 20:35:23,trevor.dobbin@semarchy.com,trevor.dobbin@semarchy.com,DE_BASED,GD
LR,Liberia,Liberia,LR,LBR,430,LI,Republic of Liberia,Country,"1,646",25-Feb-2021 20:35:23,25-Feb-2021 20:35:23,trevor.dobbin@semarchy.com,trevor.dobbin@semarchy.com,DE_BASED,GD
LS,Lesotho,Lesotho,LS,LSO,426,LT,Kingdom of Lesotho,Country,"1,646",25-Feb-2021 20:35:23,25-Feb-2021 20:35:23,trevor.dobbin@semarchy.com,trevor.dobbin@semarchy.com,DE_BASED,GD
LT,Lithuania,Lietuva,LT,LTU,440,LH,Republic of Lithuania,Country,"1,646",25-Feb-2021 20:35:23,25-Feb-2021 20:35:23,trevor.dobbin@semarchy.com,trevor.dobbin@semarchy.com,DE_BASED,GD
LU,Luxembourg,"Lëtzebuerg, Luxembourg, Luxemburg",LU,LUX,442,LU,Grand Duchy of Luxembourg,Country,"1,646",25-Feb-2021 20:35:23,25-Feb-2021 20:35:23,trevor.dobbin@semarchy.com,trevor.dobbin@semarchy.com,DE_BASED,GD
LV,Latvia,Latvija,LV,LVA,428,LG,Republic of Latvia,Country,"1,646",25-Feb-2021 20:35:23,25-Feb-2021 20:35:23,trevor.dobbin@semarchy.com,trevor.dobbin@semarchy.com,DE_BASED,GD
LY,Libya,ليبيا,LY,LBY,434,LY,Great Socialist People's Libyan Arab Jamahiriya,Country,"1,646",25-Feb-2021 20:35:23,25-Feb-2021 20:35:23,trevor.dobbin@semarchy.com,trevor.dobbin@semarchy.com,DE_BASED,GD
MA,Morocco,"Maroc, ⵍⵎⵖⵔⵉⴱ, المغرب",MA,MAR,504,MO,Kingdom of Morocco,Country,"1,646",25-Feb-2021 20:35:23,25-Feb-2021 20:35:23,trevor.dobbin@semarchy.com,trevor.dobbin@semarchy.com,DE_BASED,GD
MC,Monaco,Monaco,MC,MCO,492,MN,Principality of Monaco,Country,"1,646",25-Feb-2021 20:35:23,25-Feb-2021 20:35:23,trevor.dobbin@semarchy.com,trevor.dobbin@semarchy.com,DE_BASED,GD
MD,Moldova,"Moldova, Молдавия",MD,MDA,498,MD,Republic of Moldova,Country,"1,646",25-Feb-2021 20:35:23,25-Feb-2021 20:35:23,trevor.dobbin@semarchy.com,trevor.dobbin@semarchy.com,DE_BASED,GD
ME,Montenegro,"Crna Gora, Црна Гора",ME,MNE,499,MJ,Republic of Montenegro,Country,"1,646",25-Feb-2021 20:35:23,25-Feb-2021 20:35:23,trevor.dobbin@semarchy.com,trevor.dobbin@semarchy.com,DE_BASED,GD
MG,Madagascar,"Madagasikara, Madagascar",MG,MDG,450,MA,Republic of Madagascar,Country,"1,646",25-Feb-2021 20:35:23,25-Feb-2021 20:35:23,trevor.dobbin@semarchy.com,trevor.dobbin@semarchy.com,DE_BASED,GD
MH,Marshall Islands,Marshall Islands,MH,MHL,584,RM,Republic of the Marshall Islands,Country,"1,646",25-Feb-2021 20:35:23,25-Feb-2021 20:35:23,trevor.dobbin@semarchy.com,trevor.dobbin@semarchy.com,DE_BASED,GD
MK,Macedonia,Македонија,MK,MKD,807,MK,Republic of Macedonia,Country,"1,646",25-Feb-2021 20:35:23,25-Feb-2021 20:35:23,trevor.dobbin@semarchy.com,trevor.dobbin@semarchy.com,DE_BASED,GD
ML,Mali,Mali,ML,MLI,466,ML,Republic of Mali,Country,"1,646",25-Feb-2021 20:35:23,25-Feb-2021 20:35:23,trevor.dobbin@semarchy.com,trevor.dobbin@semarchy.com,DE_BASED,GD
MM,Myanmar (Burma),မြန်မာ,MM,MMR,104,BM,Union of Myanmar,Country,"1,646",25-Feb-2021 20:35:23,25-Feb-2021 20:35:23,trevor.dobbin@semarchy.com,trevor.dobbin@semarchy.com,DE_BASED,GD
MN,Mongolia,Монгол Улс,MN,MNG,496,MG,Mongolia,Country,"1,646",25-Feb-2021 20:35:23,25-Feb-2021 20:35:23,trevor.dobbin@semarchy.com,trevor.dobbin@semarchy.com,DE_BASED,GD
MO,Macao,Macau,MO,MAC,446,MA,Macao Special Administrative Region,Country,"1,646",25-Feb-2021 20:35:23,25-Feb-2021 20:35:23,trevor.dobbin@semarchy.com,trevor.dobbin@semarchy.com,DE_BASED,GD
MR,Mauritania,"موريتانيا, Mauritanie",MR,MRT,478,MR,Islamic Republic of Mauritania,Country,"1,646",25-Feb-2021 20:35:23,25-Feb-2021 20:35:23,trevor.dobbin@semarchy.com,trevor.dobbin@semarchy.com,DE_BASED,GD
MT,Malta,Malta,MT,MLT,470,MT,Republic of Malta,Country,"1,646",25-Feb-2021 20:35:23,25-Feb-2021 20:35:23,trevor.dobbin@semarchy.com,trevor.dobbin@semarchy.com,DE_BASED,GD
MU,Mauritius,"Maurice, Mauritius",MU,MUS,480,MP,Republic of Mauritius,Country,"1,646",25-Feb-2021 20:35:23,25-Feb-2021 20:35:23,trevor.dobbin@semarchy.com,trevor.dobbin@semarchy.com,DE_BASED,GD
MV,Maldives,,MV,MDV,462,MV,Republic of Maldives,Country,"1,646",25-Feb-2021 20:35:23,25-Feb-2021 20:35:23,trevor.dobbin@semarchy.com,trevor.dobbin@semarchy.com,DE_BASED,GD
MW,Malawi,Malawi,MW,MWI,454,MI,Republic of Malawi,Country,"1,646",25-Feb-2021 20:35:23,25-Feb-2021 20:35:23,trevor.dobbin@semarchy.com,trevor.dobbin@semarchy.com,DE_BASED,GD
MX,Mexico,México,MX,MEX,484,MX,United Mexican States,Country,"1,646",25-Feb-2021 20:35:23,25-Feb-2021 20:35:23,trevor.dobbin@semarchy.com,trevor.dobbin@semarchy.com,DE_BASED,GD
MY,Malaysia,,MY,MYS,458,MY,Malaysia,Country,"1,646",25-Feb-2021 20:35:23,25-Feb-2021 20:35:23,trevor.dobbin@semarchy.com,trevor.dobbin@semarchy.com,DE_BASED,GD
MZ,Mozambique,Mozambique,MZ,MOZ,508,MZ,Republic of Mozambique,Country,"1,646",25-Feb-2021 20:35:23,25-Feb-2021 20:35:23,trevor.dobbin@semarchy.com,trevor.dobbin@semarchy.com,DE_BASED,GD
NA,Namibia,Namibia,NA,NAM,516,WA,Republic of Namibia,Country,"1,646",25-Feb-2021 20:35:23,25-Feb-2021 20:35:23,trevor.dobbin@semarchy.com,trevor.dobbin@semarchy.com,DE_BASED,GD
NE,Niger,Niger,NE,NER,562,NG,Republic of Niger,Country,"1,646",25-Feb-2021 20:35:23,25-Feb-2021 20:35:23,trevor.dobbin@semarchy.com,trevor.dobbin@semarchy.com,DE_BASED,GD
NG,Nigeria,Nigeria,NG,NGA,566,NI,Federal Republic of Nigeria,Country,"1,646",25-Feb-2021 20:35:23,25-Feb-2021 20:35:23,trevor.dobbin@semarchy.com,trevor.dobbin@semarchy.com,DE_BASED,GD
NI,Nicaragua,Nicaragua,NI,NIC,558,NU,Republic of Nicaragua,Country,"1,646",25-Feb-2021 20:35:23,25-Feb-2021 20:35:23,trevor.dobbin@semarchy.com,trevor.dobbin@semarchy.com,DE_BASED,GD
NL,Netherlands,Nederland,NL,NLD,528,NL,Kingdom of the Netherlands,Country,"1,646",25-Feb-2021 20:35:23,25-Feb-2021 20:35:23,trevor.dobbin@semarchy.com,trevor.dobbin@semarchy.com,DE_BASED,GD
NO,Norway,"Norge, Noreg",NO,NOR,578,NO,Kingdom of Norway,Country,"1,646",25-Feb-2021 20:35:23,25-Feb-2021 20:35:23,trevor.dobbin@semarchy.com,trevor.dobbin@semarchy.com,DE_BASED,GD
NP,Nepal,,NP,NPL,524,NP,Nepal,Country,"1,646",25-Feb-2021 20:35:23,25-Feb-2021 20:35:23,trevor.dobbin@semarchy.com,trevor.dobbin@semarchy.com,DE_BASED,GD
NR,Nauru,Nauru,NR,NRU,520,NR,Republic of Nauru,Country,"1,646",25-Feb-2021 20:35:23,25-Feb-2021 20:35:23,trevor.dobbin@semarchy.com,trevor.dobbin@semarchy.com,DE_BASED,GD
NZ,New Zealand,New Zealand,NZ,NZL,554,NZ,New Zealand,Country,"1,646",25-Feb-2021 20:35:23,25-Feb-2021 20:35:23,trevor.dobbin@semarchy.com,trevor.dobbin@semarchy.com,DE_BASED,GD
OM,Oman,سلطنة عُمان,OM,OMN,512,MU,Sultanate of Oman,Country,"1,646",25-Feb-2021 20:35:23,25-Feb-2021 20:35:23,trevor.dobbin@semarchy.com,trevor.dobbin@semarchy.com,DE_BASED,GD
PA,Panama,Panama,PA,PAN,591,PM,Republic of Panama,Country,"1,646",25-Feb-2021 20:35:23,25-Feb-2021 20:35:23,trevor.dobbin@semarchy.com,trevor.dobbin@semarchy.com,DE_BASED,GD
PE,Peru,Perú,PE,PER,604,PE,Republic of Peru,Country,"1,646",25-Feb-2021 20:35:23,25-Feb-2021 20:35:23,trevor.dobbin@semarchy.com,trevor.dobbin@semarchy.com,DE_BASED,GD
PG,Papua New Guinea,Papua New Guinea,PG,PNG,598,PP,Independent State of Papua New Guinea,Country,"1,646",25-Feb-2021 20:35:23,25-Feb-2021 20:35:23,trevor.dobbin@semarchy.com,trevor.dobbin@semarchy.com,DE_BASED,GD
PH,Philippines,Philippines,PH,PHL,608,RP,Republic of the Philippines,Country,"1,646",25-Feb-2021 20:35:23,25-Feb-2021 20:35:23,trevor.dobbin@semarchy.com,trevor.dobbin@semarchy.com,DE_BASED,GD
PK,Pakistan,پاکستان,PK,PAK,586,PK,Islamic Republic of Pakistan,Country,"1,646",25-Feb-2021 20:35:23,25-Feb-2021 20:35:23,trevor.dobbin@semarchy.com,trevor.dobbin@semarchy.com,DE_BASED,GD
PL,Poland,Polska,PL,POL,616,PL,Republic of Poland,Country,"1,646",25-Feb-2021 20:35:23,25-Feb-2021 20:35:23,trevor.dobbin@semarchy.com,trevor.dobbin@semarchy.com,DE_BASED,GD
PT,Portugal,Portugal,PT,PRT,620,PO,Portuguese Republic,Country,"1,646",25-Feb-2021 20:35:23,25-Feb-2021 20:35:23,trevor.dobbin@semarchy.com,trevor.dobbin@semarchy.com,DE_BASED,GD
PW,Palau,Palau,PW,PLW,585,PS,Republic of Palau,Country,"1,646",25-Feb-2021 20:35:23,25-Feb-2021 20:35:23,trevor.dobbin@semarchy.com,trevor.dobbin@semarchy.com,DE_BASED,GD
PY,Paraguay,Paraguay,PY,PRY,600,PA,Republic of Paraguay,Country,"1,646",25-Feb-2021 20:35:23,25-Feb-2021 20:35:23,trevor.dobbin@semarchy.com,trevor.dobbin@semarchy.com,DE_BASED,GD
QA,Qatar,قطر,QA,QAT,634,QA,State of Qatar,Country,"1,646",25-Feb-2021 20:35:23,25-Feb-2021 20:35:23,trevor.dobbin@semarchy.com,trevor.dobbin@semarchy.com,DE_BASED,GD
RO,Romania,România,RO,ROU,642,RO,Romania,Country,"1,646",25-Feb-2021 20:35:23,25-Feb-2021 20:35:23,trevor.dobbin@semarchy.com,trevor.dobbin@semarchy.com,DE_BASED,GD
RS,Serbia,Србија,RS,SRB,688,RI,Republic of Serbia,Country,"1,646",25-Feb-2021 20:35:23,25-Feb-2021 20:35:23,trevor.dobbin@semarchy.com,trevor.dobbin@semarchy.com,DE_BASED,GD
RU,Russia,Россия,RU,RUS,643,RS,Russian Federation,Country,"1,646",25-Feb-2021 20:35:23,25-Feb-2021 20:35:23,trevor.dobbin@semarchy.com,trevor.dobbin@semarchy.com,DE_BASED,GD
RW,Rwanda,Rwanda,RW,RWA,646,RW,Republic of Rwanda,Country,"1,646",25-Feb-2021 20:35:23,25-Feb-2021 20:35:23,trevor.dobbin@semarchy.com,trevor.dobbin@semarchy.com,DE_BASED,GD
SA,Saudi Arabia,السعودية,SA,SAU,682,SA,Kingdom of Saudi Arabia,Country,"1,646",25-Feb-2021 20:35:23,25-Feb-2021 20:35:23,trevor.dobbin@semarchy.com,trevor.dobbin@semarchy.com,DE_BASED,GD
SB,Solomon Islands,Solomon Islands,SB,SLB,90,BP,Solomon Islands,Country,"1,646",25-Feb-2021 20:35:23,25-Feb-2021 20:35:23,trevor.dobbin@semarchy.com,trevor.dobbin@semarchy.com,DE_BASED,GD
SC,Seychelles,Seychelles,SC,SYC,690,SE,Republic of Seychelles,Country,"1,646",25-Feb-2021 20:35:23,25-Feb-2021 20:35:23,trevor.dobbin@semarchy.com,trevor.dobbin@semarchy.com,DE_BASED,GD
SD,Sudan,السودان,SD,SDN,736,SU,Republic of the Sudan,Country,"1,646",25-Feb-2021 20:35:23,25-Feb-2021 20:35:23,trevor.dobbin@semarchy.com,trevor.dobbin@semarchy.com,DE_BASED,GD
SE,Sweden,Sverige,SE,SWE,752,SW,Kingdom of Sweden,Country,"1,646",25-Feb-2021 20:35:23,25-Feb-2021 20:35:23,trevor.dobbin@semarchy.com,trevor.dobbin@semarchy.com,DE_BASED,GD
SG,Singapore,Singapore,SG,SGP,702,SN,Republic of Singapore,Country,"1,646",25-Feb-2021 20:35:23,25-Feb-2021 20:35:23,trevor.dobbin@semarchy.com,trevor.dobbin@semarchy.com,DE_BASED,GD
SI,Slovenia,Slovenija,SI,SVN,705,SI,Republic of Slovenia,Country,"1,646",25-Feb-2021 20:35:23,25-Feb-2021 20:35:23,trevor.dobbin@semarchy.com,trevor.dobbin@semarchy.com,DE_BASED,GD
SK,Slovakia,Slovensko,SK,SVK,703,LO,Slovak Republic,Country,"1,646",25-Feb-2021 20:35:23,25-Feb-2021 20:35:23,trevor.dobbin@semarchy.com,trevor.dobbin@semarchy.com,DE_BASED,GD
SL,Sierra Leone,Sierra Leone,SL,SLE,694,SL,Republic of Sierra Leone,Country,"1,646",25-Feb-2021 20:35:23,25-Feb-2021 20:35:23,trevor.dobbin@semarchy.com,trevor.dobbin@semarchy.com,DE_BASED,GD
SM,San Marino,San Marino,SM,SMR,674,SM,Republic of San Marino,Country,"1,646",25-Feb-2021 20:35:23,25-Feb-2021 20:35:23,trevor.dobbin@semarchy.com,trevor.dobbin@semarchy.com,DE_BASED,GD
SN,Senegal,Sénégal,SN,SEN,686,SG,Republic of Senegal,Country,"1,646",25-Feb-2021 20:35:23,25-Feb-2021 20:35:23,trevor.dobbin@semarchy.com,trevor.dobbin@semarchy.com,DE_BASED,GD
SO,Somalia,"Somalia, الصومال",SO,SOM,706,SO,Somalia,Country,"1,646",25-Feb-2021 20:35:23,25-Feb-2021 20:35:23,trevor.dobbin@semarchy.com,trevor.dobbin@semarchy.com,DE_BASED,GD
SR,Suriname,Suriname,SR,SUR,740,NS,Republic of Suriname,Country,"1,646",25-Feb-2021 20:35:23,25-Feb-2021 20:35:23,trevor.dobbin@semarchy.com,trevor.dobbin@semarchy.com,DE_BASED,GD
ST,Sao Tome and Principe,São Tomé e Príncipe,ST,STP,678,TP,Democratic Republic of Sao Tome and Principe,Country,"1,646",25-Feb-2021 20:35:23,25-Feb-2021 20:35:23,trevor.dobbin@semarchy.com,trevor.dobbin@semarchy.com,DE_BASED,GD
SV,El Salvador,El Salvador,SV,SLV,222,ES,Republic of El Salvador,Country,"1,646",25-Feb-2021 20:35:23,25-Feb-2021 20:35:23,trevor.dobbin@semarchy.com,trevor.dobbin@semarchy.com,DE_BASED,GD
SY,Syria,"سوريا, Sūriyya",SY,SYR,760,SY,Syrian Arab Republic,Country,"1,646",25-Feb-2021 20:35:23,25-Feb-2021 20:35:23,trevor.dobbin@semarchy.com,trevor.dobbin@semarchy.com,DE_BASED,GD
SZ,Swaziland,Swaziland,SZ,SWZ,748,WZ,Kingdom of Swaziland,Country,"1,646",25-Feb-2021 20:35:23,25-Feb-2021 20:35:23,trevor.dobbin@semarchy.com,trevor.dobbin@semarchy.com,DE_BASED,GD
TD,Chad,"Tchad, تشاد",TD,TCD,148,CD,Republic of Chad,Country,"1,646",25-Feb-2021 20:35:23,25-Feb-2021 20:35:23,trevor.dobbin@semarchy.com,trevor.dobbin@semarchy.com,DE_BASED,GD
TG,Togo,Togo,TG,TGO,768,TO,Togolese Republic,Country,"1,646",25-Feb-2021 20:35:23,25-Feb-2021 20:35:23,trevor.dobbin@semarchy.com,trevor.dobbin@semarchy.com,DE_BASED,GD
TH,Thailand,ประเทศไทย,TH,THA,764,TH,Kingdom of Thailand,Country,"1,646",25-Feb-2021 20:35:23,25-Feb-2021 20:35:23,trevor.dobbin@semarchy.com,trevor.dobbin@semarchy.com,DE_BASED,GD
TJ,Tajikistan,",",TJ,TJK,762,TI,Republic of Tajikistan,Country,"1,646",25-Feb-2021 20:35:23,25-Feb-2021 20:35:23,trevor.dobbin@semarchy.com,trevor.dobbin@semarchy.com,DE_BASED,GD
TL,Timor-Leste (East Timor),"Timor-Leste, Timor Lorosa'e",TL,TLS,626,TT,Democratic Republic of Timor-Leste,Country,"1,646",25-Feb-2021 20:35:23,25-Feb-2021 20:35:23,trevor.dobbin@semarchy.com,trevor.dobbin@semarchy.com,DE_BASED,GD
TM,Turkmenistan,Türkmenistan,TM,TKM,795,TX,Turkmenistan,Country,"1,646",25-Feb-2021 20:35:23,25-Feb-2021 20:35:23,trevor.dobbin@semarchy.com,trevor.dobbin@semarchy.com,DE_BASED,GD
TN,Tunisia,"تونس, Tunisie",TN,TUN,788,TS,Tunisian Republic,Country,"1,646",25-Feb-2021 20:35:23,25-Feb-2021 20:35:23,trevor.dobbin@semarchy.com,trevor.dobbin@semarchy.com,DE_BASED,GD
TO,Tonga,Tonga,TO,TON,776,TN,Kingdom of Tonga,Country,"1,646",25-Feb-2021 20:35:23,25-Feb-2021 20:35:23,trevor.dobbin@semarchy.com,trevor.dobbin@semarchy.com,DE_BASED,GD
TR,Turkey,Türkiye,TR,TUR,792,TU,Republic of Turkey,Country,"1,646",25-Feb-2021 20:35:23,25-Feb-2021 20:35:23,trevor.dobbin@semarchy.com,trevor.dobbin@semarchy.com,DE_BASED,GD
TT,Trinidad and Tobago,Trinidad and Tobago,TT,TTO,780,TD,Republic of Trinidad and Tobago,Country,"1,646",25-Feb-2021 20:35:23,25-Feb-2021 20:35:23,trevor.dobbin@semarchy.com,trevor.dobbin@semarchy.com,DE_BASED,GD
TV,Tuvalu,Tuvalu,TV,TUV,798,TV,Tuvalu,Country,"1,646",25-Feb-2021 20:35:23,25-Feb-2021 20:35:23,trevor.dobbin@semarchy.com,trevor.dobbin@semarchy.com,DE_BASED,GD
TW,Taiwan,中華民國,TW,TWN,158,TW,Taiwan Republic of China,Country,"1,646",25-Feb-2021 20:35:23,25-Feb-2021 20:35:23,trevor.dobbin@semarchy.com,trevor.dobbin@semarchy.com,DE_BASED,GD
TZ,Tanzania,Tanzania,TZ,TZA,834,TZ,United Republic of Tanzania,Country,"1,646",25-Feb-2021 20:35:23,25-Feb-2021 20:35:23,trevor.dobbin@semarchy.com,trevor.dobbin@semarchy.com,DE_BASED,GD
UA,Ukraine,Україна,UA,UKR,804,UP,Ukraine,Country,"1,646",25-Feb-2021 20:35:23,25-Feb-2021 20:35:23,trevor.dobbin@semarchy.com,trevor.dobbin@semarchy.com,DE_BASED,GD
UG,Uganda,Uganda,UG,UGA,800,UG,Republic of Uganda,Country,"1,646",25-Feb-2021 20:35:23,25-Feb-2021 20:35:23,trevor.dobbin@semarchy.com,trevor.dobbin@semarchy.com,DE_BASED,GD
US,United States,United States of America,US,USA,840,US,United States of America,Country,"1,646",25-Feb-2021 20:35:23,25-Feb-2021 20:35:23,trevor.dobbin@semarchy.com,trevor.dobbin@semarchy.com,DE_BASED,GD
UY,Uruguay,Uruguay,UY,URY,858,UY,Oriental Republic of Uruguay,Country,"1,646",25-Feb-2021 20:35:23,25-Feb-2021 20:35:23,trevor.dobbin@semarchy.com,trevor.dobbin@semarchy.com,DE_BASED,GD
UZ,Uzbekistan,,UZ,UZB,860,UZ,Republic of Uzbekistan,Country,"1,646",25-Feb-2021 20:35:23,25-Feb-2021 20:35:23,trevor.dobbin@semarchy.com,trevor.dobbin@semarchy.com,DE_BASED,GD
VA,Vatican City,Città del Vaticano,VA,VAT,336,VT,State of the Vatican City,Country,"1,646",25-Feb-2021 20:35:23,25-Feb-2021 20:35:23,trevor.dobbin@semarchy.com,trevor.dobbin@semarchy.com,DE_BASED,GD
VC,Saint Vincent and the Grenadines,Saint Vincent and the Grenadines,VC,VCT,670,VC,Saint Vincent and the Grenadines,Country,"1,646",25-Feb-2021 20:35:23,25-Feb-2021 20:35:23,trevor.dobbin@semarchy.com,trevor.dobbin@semarchy.com,DE_BASED,GD
VE,Venezuela,Venezuela,VE,VEN,862,VE,Bolivarian Republic of Venezuela,Country,"1,646",25-Feb-2021 20:35:23,25-Feb-2021 20:35:23,trevor.dobbin@semarchy.com,trevor.dobbin@semarchy.com,DE_BASED,GD
VN,Vietnam,Việt Nam,VN,VNM,704,VM,Socialist Republic of Vietnam,Country,"1,646",25-Feb-2021 20:35:23,25-Feb-2021 20:35:23,trevor.dobbin@semarchy.com,trevor.dobbin@semarchy.com,DE_BASED,GD
VU,Vanuatu,Vanuatu,VU,VUT,548,NH,Republic of Vanuatu,Country,"1,646",25-Feb-2021 20:35:23,25-Feb-2021 20:35:23,trevor.dobbin@semarchy.com,trevor.dobbin@semarchy.com,DE_BASED,GD
WS,Samoa,Samoa,WS,WSM,882,WS,Independent State of Samoa,Country,"1,646",25-Feb-2021 20:35:23,25-Feb-2021 20:35:23,trevor.dobbin@semarchy.com,trevor.dobbin@semarchy.com,DE_BASED,GD
YE,Yemen,اليَمَن,YE,YEM,887,YM,Republic of Yemen,Country,"1,646",25-Feb-2021 20:35:23,25-Feb-2021 20:35:23,trevor.dobbin@semarchy.com,trevor.dobbin@semarchy.com,DE_BASED,GD
ZA,South Africa,South Africa,ZA,ZAF,710,SF,Republic of South Africa,Country,"1,646",25-Feb-2021 20:35:23,25-Feb-2021 20:35:23,trevor.dobbin@semarchy.com,trevor.dobbin@semarchy.com,DE_BASED,GD
ZM,Zambia,Zambia,ZM,ZMB,894,ZA,Republic of Zambia,Country,"1,646",25-Feb-2021 20:35:23,25-Feb-2021 20:35:23,trevor.dobbin@semarchy.com,trevor.dobbin@semarchy.com,DE_BASED,GD
ZW,Zimbabwe,Zimbabwe,ZW,ZWE,716,ZI,Republic of Zimbabwe,Country,"1,646",25-Feb-2021 20:35:23,25-Feb-2021 20:35:23,trevor.dobbin@semarchy.com,trevor.dobbin@semarchy.com,DE_BASED,GD
