﻿Currency Code,Numeric Code,Currency Name,Class Name,Batch ID,Created On,Updated On,Created By,Updated By,Golden Type,View Type
AED,784,UAE Dirham,Currency,"1,647",25-Feb-2021 20:36:43,25-Feb-2021 20:36:43,trevor.dobbin@semarchy.com,trevor.dobbin@semarchy.com,DE_BASED,GD
AFN,971,Afghani,Currency,"1,647",25-Feb-2021 20:36:43,25-Feb-2021 20:36:43,trevor.dobbin@semarchy.com,trevor.dobbin@semarchy.com,DE_BASED,GD
ALL,008,Lek,Currency,"1,647",25-Feb-2021 20:36:43,25-Feb-2021 20:36:43,trevor.dobbin@semarchy.com,trevor.dobbin@semarchy.com,DE_BASED,GD
AMD,051,Armenian Dram,Currency,"1,647",25-Feb-2021 20:36:43,25-Feb-2021 20:36:43,trevor.dobbin@semarchy.com,trevor.dobbin@semarchy.com,DE_BASED,GD
ANG,532,Netherlands Antillean Guilder,Currency,"1,647",25-Feb-2021 20:36:43,25-Feb-2021 20:36:43,trevor.dobbin@semarchy.com,trevor.dobbin@semarchy.com,DE_BASED,GD
AOA,973,Kwanza,Currency,"1,647",25-Feb-2021 20:36:43,25-Feb-2021 20:36:43,trevor.dobbin@semarchy.com,trevor.dobbin@semarchy.com,DE_BASED,GD
ARS,032,Argentine Peso,Currency,"1,647",25-Feb-2021 20:36:43,25-Feb-2021 20:36:43,trevor.dobbin@semarchy.com,trevor.dobbin@semarchy.com,DE_BASED,GD
AUD,036,Australian Dollar,Currency,"1,647",25-Feb-2021 20:36:43,25-Feb-2021 20:36:43,trevor.dobbin@semarchy.com,trevor.dobbin@semarchy.com,DE_BASED,GD
AWG,533,Aruban Florin,Currency,"1,647",25-Feb-2021 20:36:43,25-Feb-2021 20:36:43,trevor.dobbin@semarchy.com,trevor.dobbin@semarchy.com,DE_BASED,GD
AZN,944,Azerbaijan Manat,Currency,"1,647",25-Feb-2021 20:36:43,25-Feb-2021 20:36:43,trevor.dobbin@semarchy.com,trevor.dobbin@semarchy.com,DE_BASED,GD
BAM,977,Convertible Mark,Currency,"1,647",25-Feb-2021 20:36:43,25-Feb-2021 20:36:43,trevor.dobbin@semarchy.com,trevor.dobbin@semarchy.com,DE_BASED,GD
BBD,052,Barbados Dollar,Currency,"1,647",25-Feb-2021 20:36:43,25-Feb-2021 20:36:43,trevor.dobbin@semarchy.com,trevor.dobbin@semarchy.com,DE_BASED,GD
BDT,050,Taka,Currency,"1,647",25-Feb-2021 20:36:43,25-Feb-2021 20:36:43,trevor.dobbin@semarchy.com,trevor.dobbin@semarchy.com,DE_BASED,GD
BGN,975,Bulgarian Lev,Currency,"1,647",25-Feb-2021 20:36:43,25-Feb-2021 20:36:43,trevor.dobbin@semarchy.com,trevor.dobbin@semarchy.com,DE_BASED,GD
BHD,048,Bahraini Dinar,Currency,"1,647",25-Feb-2021 20:36:43,25-Feb-2021 20:36:43,trevor.dobbin@semarchy.com,trevor.dobbin@semarchy.com,DE_BASED,GD
BIF,108,Burundi Franc,Currency,"1,647",25-Feb-2021 20:36:43,25-Feb-2021 20:36:43,trevor.dobbin@semarchy.com,trevor.dobbin@semarchy.com,DE_BASED,GD
BMD,060,Bermudian Dollar,Currency,"1,647",25-Feb-2021 20:36:43,25-Feb-2021 20:36:43,trevor.dobbin@semarchy.com,trevor.dobbin@semarchy.com,DE_BASED,GD
BND,096,Brunei Dollar,Currency,"1,647",25-Feb-2021 20:36:43,25-Feb-2021 20:36:43,trevor.dobbin@semarchy.com,trevor.dobbin@semarchy.com,DE_BASED,GD
BOB,068,Boliviano,Currency,"1,647",25-Feb-2021 20:36:43,25-Feb-2021 20:36:43,trevor.dobbin@semarchy.com,trevor.dobbin@semarchy.com,DE_BASED,GD
BOV,984,Mvdol,Currency,"1,647",25-Feb-2021 20:36:43,25-Feb-2021 20:36:43,trevor.dobbin@semarchy.com,trevor.dobbin@semarchy.com,DE_BASED,GD
BRL,986,Brazilian Real,Currency,"1,647",25-Feb-2021 20:36:43,25-Feb-2021 20:36:43,trevor.dobbin@semarchy.com,trevor.dobbin@semarchy.com,DE_BASED,GD
BSD,044,Bahamian Dollar,Currency,"1,647",25-Feb-2021 20:36:43,25-Feb-2021 20:36:43,trevor.dobbin@semarchy.com,trevor.dobbin@semarchy.com,DE_BASED,GD
BTN,064,Ngultrum,Currency,"1,647",25-Feb-2021 20:36:43,25-Feb-2021 20:36:43,trevor.dobbin@semarchy.com,trevor.dobbin@semarchy.com,DE_BASED,GD
BWP,072,Pula,Currency,"1,647",25-Feb-2021 20:36:43,25-Feb-2021 20:36:43,trevor.dobbin@semarchy.com,trevor.dobbin@semarchy.com,DE_BASED,GD
BYN,933,Belarusian Ruble,Currency,"1,647",25-Feb-2021 20:36:43,25-Feb-2021 20:36:43,trevor.dobbin@semarchy.com,trevor.dobbin@semarchy.com,DE_BASED,GD
BZD,084,Belize Dollar,Currency,"1,647",25-Feb-2021 20:36:43,25-Feb-2021 20:36:43,trevor.dobbin@semarchy.com,trevor.dobbin@semarchy.com,DE_BASED,GD
CAD,124,Canadian Dollar,Currency,"1,647",25-Feb-2021 20:36:43,25-Feb-2021 20:36:43,trevor.dobbin@semarchy.com,trevor.dobbin@semarchy.com,DE_BASED,GD
CDF,976,Congolese Franc,Currency,"1,647",25-Feb-2021 20:36:43,25-Feb-2021 20:36:43,trevor.dobbin@semarchy.com,trevor.dobbin@semarchy.com,DE_BASED,GD
CHE,947,WIR Euro,Currency,"1,647",25-Feb-2021 20:36:43,25-Feb-2021 20:36:43,trevor.dobbin@semarchy.com,trevor.dobbin@semarchy.com,DE_BASED,GD
CHF,756,Swiss Franc,Currency,"1,647",25-Feb-2021 20:36:43,25-Feb-2021 20:36:43,trevor.dobbin@semarchy.com,trevor.dobbin@semarchy.com,DE_BASED,GD
CHW,948,WIR Franc,Currency,"1,647",25-Feb-2021 20:36:43,25-Feb-2021 20:36:43,trevor.dobbin@semarchy.com,trevor.dobbin@semarchy.com,DE_BASED,GD
CLF,990,Unidad de Fomento,Currency,"1,647",25-Feb-2021 20:36:43,25-Feb-2021 20:36:43,trevor.dobbin@semarchy.com,trevor.dobbin@semarchy.com,DE_BASED,GD
CLP,152,Chilean Peso,Currency,"1,647",25-Feb-2021 20:36:43,25-Feb-2021 20:36:43,trevor.dobbin@semarchy.com,trevor.dobbin@semarchy.com,DE_BASED,GD
CNY,156,Yuan Renminbi,Currency,"1,647",25-Feb-2021 20:36:43,25-Feb-2021 20:36:43,trevor.dobbin@semarchy.com,trevor.dobbin@semarchy.com,DE_BASED,GD
COP,170,Colombian Peso,Currency,"1,647",25-Feb-2021 20:36:43,25-Feb-2021 20:36:43,trevor.dobbin@semarchy.com,trevor.dobbin@semarchy.com,DE_BASED,GD
COU,970,Unidad de Valor Real,Currency,"1,647",25-Feb-2021 20:36:43,25-Feb-2021 20:36:43,trevor.dobbin@semarchy.com,trevor.dobbin@semarchy.com,DE_BASED,GD
CRC,188,Costa Rican Colon,Currency,"1,647",25-Feb-2021 20:36:43,25-Feb-2021 20:36:43,trevor.dobbin@semarchy.com,trevor.dobbin@semarchy.com,DE_BASED,GD
CUC,931,Peso Convertible,Currency,"1,647",25-Feb-2021 20:36:43,25-Feb-2021 20:36:43,trevor.dobbin@semarchy.com,trevor.dobbin@semarchy.com,DE_BASED,GD
CUP,192,Cuban Peso,Currency,"1,647",25-Feb-2021 20:36:43,25-Feb-2021 20:36:43,trevor.dobbin@semarchy.com,trevor.dobbin@semarchy.com,DE_BASED,GD
CVE,132,Cabo Verde Escudo,Currency,"1,647",25-Feb-2021 20:36:43,25-Feb-2021 20:36:43,trevor.dobbin@semarchy.com,trevor.dobbin@semarchy.com,DE_BASED,GD
CZK,203,Czech Koruna,Currency,"1,647",25-Feb-2021 20:36:43,25-Feb-2021 20:36:43,trevor.dobbin@semarchy.com,trevor.dobbin@semarchy.com,DE_BASED,GD
DJF,262,Djibouti Franc,Currency,"1,647",25-Feb-2021 20:36:43,25-Feb-2021 20:36:43,trevor.dobbin@semarchy.com,trevor.dobbin@semarchy.com,DE_BASED,GD
DKK,208,Danish Krone,Currency,"1,647",25-Feb-2021 20:36:43,25-Feb-2021 20:36:43,trevor.dobbin@semarchy.com,trevor.dobbin@semarchy.com,DE_BASED,GD
DOP,214,Dominican Peso,Currency,"1,647",25-Feb-2021 20:36:43,25-Feb-2021 20:36:43,trevor.dobbin@semarchy.com,trevor.dobbin@semarchy.com,DE_BASED,GD
DZD,012,Algerian Dinar,Currency,"1,647",25-Feb-2021 20:36:43,25-Feb-2021 20:36:43,trevor.dobbin@semarchy.com,trevor.dobbin@semarchy.com,DE_BASED,GD
EGP,818,Egyptian Pound,Currency,"1,647",25-Feb-2021 20:36:43,25-Feb-2021 20:36:43,trevor.dobbin@semarchy.com,trevor.dobbin@semarchy.com,DE_BASED,GD
ERN,232,Nakfa,Currency,"1,647",25-Feb-2021 20:36:43,25-Feb-2021 20:36:43,trevor.dobbin@semarchy.com,trevor.dobbin@semarchy.com,DE_BASED,GD
ETB,230,Ethiopian Birr,Currency,"1,647",25-Feb-2021 20:36:43,25-Feb-2021 20:36:43,trevor.dobbin@semarchy.com,trevor.dobbin@semarchy.com,DE_BASED,GD
EUR,978,Euro,Currency,"1,647",25-Feb-2021 20:36:43,25-Feb-2021 20:36:43,trevor.dobbin@semarchy.com,trevor.dobbin@semarchy.com,DE_BASED,GD
FJD,242,Fiji Dollar,Currency,"1,647",25-Feb-2021 20:36:43,25-Feb-2021 20:36:43,trevor.dobbin@semarchy.com,trevor.dobbin@semarchy.com,DE_BASED,GD
FKP,238,Falkland Islands Pound,Currency,"1,647",25-Feb-2021 20:36:43,25-Feb-2021 20:36:43,trevor.dobbin@semarchy.com,trevor.dobbin@semarchy.com,DE_BASED,GD
GBP,826,Pound Sterling,Currency,"1,647",25-Feb-2021 20:36:43,25-Feb-2021 20:36:43,trevor.dobbin@semarchy.com,trevor.dobbin@semarchy.com,DE_BASED,GD
GEL,981,Lari,Currency,"1,647",25-Feb-2021 20:36:43,25-Feb-2021 20:36:43,trevor.dobbin@semarchy.com,trevor.dobbin@semarchy.com,DE_BASED,GD
GHS,936,Ghana Cedi,Currency,"1,647",25-Feb-2021 20:36:43,25-Feb-2021 20:36:43,trevor.dobbin@semarchy.com,trevor.dobbin@semarchy.com,DE_BASED,GD
GIP,292,Gibraltar Pound,Currency,"1,647",25-Feb-2021 20:36:43,25-Feb-2021 20:36:43,trevor.dobbin@semarchy.com,trevor.dobbin@semarchy.com,DE_BASED,GD
GMD,270,Dalasi,Currency,"1,647",25-Feb-2021 20:36:43,25-Feb-2021 20:36:43,trevor.dobbin@semarchy.com,trevor.dobbin@semarchy.com,DE_BASED,GD
GNF,324,Guinean Franc,Currency,"1,647",25-Feb-2021 20:36:43,25-Feb-2021 20:36:43,trevor.dobbin@semarchy.com,trevor.dobbin@semarchy.com,DE_BASED,GD
GTQ,320,Quetzal,Currency,"1,647",25-Feb-2021 20:36:43,25-Feb-2021 20:36:43,trevor.dobbin@semarchy.com,trevor.dobbin@semarchy.com,DE_BASED,GD
GYD,328,Guyana Dollar,Currency,"1,647",25-Feb-2021 20:36:43,25-Feb-2021 20:36:43,trevor.dobbin@semarchy.com,trevor.dobbin@semarchy.com,DE_BASED,GD
HKD,344,Hong Kong Dollar,Currency,"1,647",25-Feb-2021 20:36:43,25-Feb-2021 20:36:43,trevor.dobbin@semarchy.com,trevor.dobbin@semarchy.com,DE_BASED,GD
HNL,340,Lempira,Currency,"1,647",25-Feb-2021 20:36:43,25-Feb-2021 20:36:43,trevor.dobbin@semarchy.com,trevor.dobbin@semarchy.com,DE_BASED,GD
HRK,191,Kuna,Currency,"1,647",25-Feb-2021 20:36:43,25-Feb-2021 20:36:43,trevor.dobbin@semarchy.com,trevor.dobbin@semarchy.com,DE_BASED,GD
HTG,332,Gourde,Currency,"1,647",25-Feb-2021 20:36:43,25-Feb-2021 20:36:43,trevor.dobbin@semarchy.com,trevor.dobbin@semarchy.com,DE_BASED,GD
HUF,348,Forint,Currency,"1,647",25-Feb-2021 20:36:43,25-Feb-2021 20:36:43,trevor.dobbin@semarchy.com,trevor.dobbin@semarchy.com,DE_BASED,GD
IDR,360,Rupiah,Currency,"1,647",25-Feb-2021 20:36:43,25-Feb-2021 20:36:43,trevor.dobbin@semarchy.com,trevor.dobbin@semarchy.com,DE_BASED,GD
ILS,376,New Israeli Sheqel,Currency,"1,647",25-Feb-2021 20:36:43,25-Feb-2021 20:36:43,trevor.dobbin@semarchy.com,trevor.dobbin@semarchy.com,DE_BASED,GD
INR,356,Indian Rupee,Currency,"1,647",25-Feb-2021 20:36:43,25-Feb-2021 20:36:43,trevor.dobbin@semarchy.com,trevor.dobbin@semarchy.com,DE_BASED,GD
IQD,368,Iraqi Dinar,Currency,"1,647",25-Feb-2021 20:36:43,25-Feb-2021 20:36:43,trevor.dobbin@semarchy.com,trevor.dobbin@semarchy.com,DE_BASED,GD
IRR,364,Iranian Rial,Currency,"1,647",25-Feb-2021 20:36:43,25-Feb-2021 20:36:43,trevor.dobbin@semarchy.com,trevor.dobbin@semarchy.com,DE_BASED,GD
ISK,352,Iceland Krona,Currency,"1,647",25-Feb-2021 20:36:43,25-Feb-2021 20:36:43,trevor.dobbin@semarchy.com,trevor.dobbin@semarchy.com,DE_BASED,GD
JMD,388,Jamaican Dollar,Currency,"1,647",25-Feb-2021 20:36:43,25-Feb-2021 20:36:43,trevor.dobbin@semarchy.com,trevor.dobbin@semarchy.com,DE_BASED,GD
JOD,400,Jordanian Dinar,Currency,"1,647",25-Feb-2021 20:36:43,25-Feb-2021 20:36:43,trevor.dobbin@semarchy.com,trevor.dobbin@semarchy.com,DE_BASED,GD
JPY,392,Yen,Currency,"1,647",25-Feb-2021 20:36:43,25-Feb-2021 20:36:43,trevor.dobbin@semarchy.com,trevor.dobbin@semarchy.com,DE_BASED,GD
KES,404,Kenyan Shilling,Currency,"1,647",25-Feb-2021 20:36:43,25-Feb-2021 20:36:43,trevor.dobbin@semarchy.com,trevor.dobbin@semarchy.com,DE_BASED,GD
KGS,417,Som,Currency,"1,647",25-Feb-2021 20:36:43,25-Feb-2021 20:36:43,trevor.dobbin@semarchy.com,trevor.dobbin@semarchy.com,DE_BASED,GD
KHR,116,Riel,Currency,"1,647",25-Feb-2021 20:36:43,25-Feb-2021 20:36:43,trevor.dobbin@semarchy.com,trevor.dobbin@semarchy.com,DE_BASED,GD
KMF,174,Comorian Franc ,Currency,"1,647",25-Feb-2021 20:36:43,25-Feb-2021 20:36:43,trevor.dobbin@semarchy.com,trevor.dobbin@semarchy.com,DE_BASED,GD
KPW,408,North Korean Won,Currency,"1,647",25-Feb-2021 20:36:43,25-Feb-2021 20:36:43,trevor.dobbin@semarchy.com,trevor.dobbin@semarchy.com,DE_BASED,GD
KRW,410,Won,Currency,"1,647",25-Feb-2021 20:36:43,25-Feb-2021 20:36:43,trevor.dobbin@semarchy.com,trevor.dobbin@semarchy.com,DE_BASED,GD
KWD,414,Kuwaiti Dinar,Currency,"1,647",25-Feb-2021 20:36:43,25-Feb-2021 20:36:43,trevor.dobbin@semarchy.com,trevor.dobbin@semarchy.com,DE_BASED,GD
KYD,136,Cayman Islands Dollar,Currency,"1,647",25-Feb-2021 20:36:43,25-Feb-2021 20:36:43,trevor.dobbin@semarchy.com,trevor.dobbin@semarchy.com,DE_BASED,GD
KZT,398,Tenge,Currency,"1,647",25-Feb-2021 20:36:43,25-Feb-2021 20:36:43,trevor.dobbin@semarchy.com,trevor.dobbin@semarchy.com,DE_BASED,GD
LAK,418,Lao Kip,Currency,"1,647",25-Feb-2021 20:36:43,25-Feb-2021 20:36:43,trevor.dobbin@semarchy.com,trevor.dobbin@semarchy.com,DE_BASED,GD
LBP,422,Lebanese Pound,Currency,"1,647",25-Feb-2021 20:36:43,25-Feb-2021 20:36:43,trevor.dobbin@semarchy.com,trevor.dobbin@semarchy.com,DE_BASED,GD
LKR,144,Sri Lanka Rupee,Currency,"1,647",25-Feb-2021 20:36:43,25-Feb-2021 20:36:43,trevor.dobbin@semarchy.com,trevor.dobbin@semarchy.com,DE_BASED,GD
LRD,430,Liberian Dollar,Currency,"1,647",25-Feb-2021 20:36:43,25-Feb-2021 20:36:43,trevor.dobbin@semarchy.com,trevor.dobbin@semarchy.com,DE_BASED,GD
LSL,426,Loti,Currency,"1,647",25-Feb-2021 20:36:43,25-Feb-2021 20:36:43,trevor.dobbin@semarchy.com,trevor.dobbin@semarchy.com,DE_BASED,GD
LYD,434,Libyan Dinar,Currency,"1,647",25-Feb-2021 20:36:43,25-Feb-2021 20:36:43,trevor.dobbin@semarchy.com,trevor.dobbin@semarchy.com,DE_BASED,GD
MAD,504,Moroccan Dirham,Currency,"1,647",25-Feb-2021 20:36:43,25-Feb-2021 20:36:43,trevor.dobbin@semarchy.com,trevor.dobbin@semarchy.com,DE_BASED,GD
MDL,498,Moldovan Leu,Currency,"1,647",25-Feb-2021 20:36:43,25-Feb-2021 20:36:43,trevor.dobbin@semarchy.com,trevor.dobbin@semarchy.com,DE_BASED,GD
MGA,969,Malagasy Ariary,Currency,"1,647",25-Feb-2021 20:36:43,25-Feb-2021 20:36:43,trevor.dobbin@semarchy.com,trevor.dobbin@semarchy.com,DE_BASED,GD
MKD,807,Denar,Currency,"1,647",25-Feb-2021 20:36:43,25-Feb-2021 20:36:43,trevor.dobbin@semarchy.com,trevor.dobbin@semarchy.com,DE_BASED,GD
MMK,104,Kyat,Currency,"1,647",25-Feb-2021 20:36:43,25-Feb-2021 20:36:43,trevor.dobbin@semarchy.com,trevor.dobbin@semarchy.com,DE_BASED,GD
MNT,496,Tugrik,Currency,"1,647",25-Feb-2021 20:36:43,25-Feb-2021 20:36:43,trevor.dobbin@semarchy.com,trevor.dobbin@semarchy.com,DE_BASED,GD
MOP,446,Pataca,Currency,"1,647",25-Feb-2021 20:36:43,25-Feb-2021 20:36:43,trevor.dobbin@semarchy.com,trevor.dobbin@semarchy.com,DE_BASED,GD
MRU,929,Ouguiya,Currency,"1,647",25-Feb-2021 20:36:43,25-Feb-2021 20:36:43,trevor.dobbin@semarchy.com,trevor.dobbin@semarchy.com,DE_BASED,GD
MUR,480,Mauritius Rupee,Currency,"1,647",25-Feb-2021 20:36:43,25-Feb-2021 20:36:43,trevor.dobbin@semarchy.com,trevor.dobbin@semarchy.com,DE_BASED,GD
MVR,462,Rufiyaa,Currency,"1,647",25-Feb-2021 20:36:43,25-Feb-2021 20:36:43,trevor.dobbin@semarchy.com,trevor.dobbin@semarchy.com,DE_BASED,GD
MWK,454,Malawi Kwacha,Currency,"1,647",25-Feb-2021 20:36:43,25-Feb-2021 20:36:43,trevor.dobbin@semarchy.com,trevor.dobbin@semarchy.com,DE_BASED,GD
MXN,484,Mexican Peso,Currency,"1,647",25-Feb-2021 20:36:43,25-Feb-2021 20:36:43,trevor.dobbin@semarchy.com,trevor.dobbin@semarchy.com,DE_BASED,GD
MXV,979,Mexican Unidad de Inversion (UDI),Currency,"1,647",25-Feb-2021 20:36:43,25-Feb-2021 20:36:43,trevor.dobbin@semarchy.com,trevor.dobbin@semarchy.com,DE_BASED,GD
MYR,458,Malaysian Ringgit,Currency,"1,647",25-Feb-2021 20:36:43,25-Feb-2021 20:36:43,trevor.dobbin@semarchy.com,trevor.dobbin@semarchy.com,DE_BASED,GD
MZN,943,Mozambique Metical,Currency,"1,647",25-Feb-2021 20:36:43,25-Feb-2021 20:36:43,trevor.dobbin@semarchy.com,trevor.dobbin@semarchy.com,DE_BASED,GD
NAD,516,Namibia Dollar,Currency,"1,647",25-Feb-2021 20:36:43,25-Feb-2021 20:36:43,trevor.dobbin@semarchy.com,trevor.dobbin@semarchy.com,DE_BASED,GD
NGN,566,Naira,Currency,"1,647",25-Feb-2021 20:36:43,25-Feb-2021 20:36:43,trevor.dobbin@semarchy.com,trevor.dobbin@semarchy.com,DE_BASED,GD
NIO,558,Cordoba Oro,Currency,"1,647",25-Feb-2021 20:36:43,25-Feb-2021 20:36:43,trevor.dobbin@semarchy.com,trevor.dobbin@semarchy.com,DE_BASED,GD
NOK,578,Norwegian Krone,Currency,"1,647",25-Feb-2021 20:36:43,25-Feb-2021 20:36:43,trevor.dobbin@semarchy.com,trevor.dobbin@semarchy.com,DE_BASED,GD
NPR,524,Nepalese Rupee,Currency,"1,647",25-Feb-2021 20:36:43,25-Feb-2021 20:36:43,trevor.dobbin@semarchy.com,trevor.dobbin@semarchy.com,DE_BASED,GD
NZD,554,New Zealand Dollar,Currency,"1,647",25-Feb-2021 20:36:43,25-Feb-2021 20:36:43,trevor.dobbin@semarchy.com,trevor.dobbin@semarchy.com,DE_BASED,GD
OMR,512,Rial Omani,Currency,"1,647",25-Feb-2021 20:36:43,25-Feb-2021 20:36:43,trevor.dobbin@semarchy.com,trevor.dobbin@semarchy.com,DE_BASED,GD
PAB,590,Balboa,Currency,"1,647",25-Feb-2021 20:36:43,25-Feb-2021 20:36:43,trevor.dobbin@semarchy.com,trevor.dobbin@semarchy.com,DE_BASED,GD
PEN,604,Sol,Currency,"1,647",25-Feb-2021 20:36:43,25-Feb-2021 20:36:43,trevor.dobbin@semarchy.com,trevor.dobbin@semarchy.com,DE_BASED,GD
PGK,598,Kina,Currency,"1,647",25-Feb-2021 20:36:43,25-Feb-2021 20:36:43,trevor.dobbin@semarchy.com,trevor.dobbin@semarchy.com,DE_BASED,GD
PHP,608,Philippine Peso,Currency,"1,647",25-Feb-2021 20:36:43,25-Feb-2021 20:36:43,trevor.dobbin@semarchy.com,trevor.dobbin@semarchy.com,DE_BASED,GD
PKR,586,Pakistan Rupee,Currency,"1,647",25-Feb-2021 20:36:43,25-Feb-2021 20:36:43,trevor.dobbin@semarchy.com,trevor.dobbin@semarchy.com,DE_BASED,GD
PLN,985,Zloty,Currency,"1,647",25-Feb-2021 20:36:43,25-Feb-2021 20:36:43,trevor.dobbin@semarchy.com,trevor.dobbin@semarchy.com,DE_BASED,GD
PYG,600,Guarani,Currency,"1,647",25-Feb-2021 20:36:43,25-Feb-2021 20:36:43,trevor.dobbin@semarchy.com,trevor.dobbin@semarchy.com,DE_BASED,GD
QAR,634,Qatari Rial,Currency,"1,647",25-Feb-2021 20:36:43,25-Feb-2021 20:36:43,trevor.dobbin@semarchy.com,trevor.dobbin@semarchy.com,DE_BASED,GD
RON,946,Romanian Leu,Currency,"1,647",25-Feb-2021 20:36:43,25-Feb-2021 20:36:43,trevor.dobbin@semarchy.com,trevor.dobbin@semarchy.com,DE_BASED,GD
RSD,941,Serbian Dinar,Currency,"1,647",25-Feb-2021 20:36:43,25-Feb-2021 20:36:43,trevor.dobbin@semarchy.com,trevor.dobbin@semarchy.com,DE_BASED,GD
RUB,643,Russian Ruble,Currency,"1,647",25-Feb-2021 20:36:43,25-Feb-2021 20:36:43,trevor.dobbin@semarchy.com,trevor.dobbin@semarchy.com,DE_BASED,GD
RWF,646,Rwanda Franc,Currency,"1,647",25-Feb-2021 20:36:43,25-Feb-2021 20:36:43,trevor.dobbin@semarchy.com,trevor.dobbin@semarchy.com,DE_BASED,GD
SAR,682,Saudi Riyal,Currency,"1,647",25-Feb-2021 20:36:43,25-Feb-2021 20:36:43,trevor.dobbin@semarchy.com,trevor.dobbin@semarchy.com,DE_BASED,GD
SBD,090,Solomon Islands Dollar,Currency,"1,647",25-Feb-2021 20:36:43,25-Feb-2021 20:36:43,trevor.dobbin@semarchy.com,trevor.dobbin@semarchy.com,DE_BASED,GD
SCR,690,Seychelles Rupee,Currency,"1,647",25-Feb-2021 20:36:43,25-Feb-2021 20:36:43,trevor.dobbin@semarchy.com,trevor.dobbin@semarchy.com,DE_BASED,GD
SDG,938,Sudanese Pound,Currency,"1,647",25-Feb-2021 20:36:43,25-Feb-2021 20:36:43,trevor.dobbin@semarchy.com,trevor.dobbin@semarchy.com,DE_BASED,GD
SEK,752,Swedish Krona,Currency,"1,647",25-Feb-2021 20:36:43,25-Feb-2021 20:36:43,trevor.dobbin@semarchy.com,trevor.dobbin@semarchy.com,DE_BASED,GD
SGD,702,Singapore Dollar,Currency,"1,647",25-Feb-2021 20:36:43,25-Feb-2021 20:36:43,trevor.dobbin@semarchy.com,trevor.dobbin@semarchy.com,DE_BASED,GD
SHP,654,Saint Helena Pound,Currency,"1,647",25-Feb-2021 20:36:43,25-Feb-2021 20:36:43,trevor.dobbin@semarchy.com,trevor.dobbin@semarchy.com,DE_BASED,GD
SLL,694,Leone,Currency,"1,647",25-Feb-2021 20:36:43,25-Feb-2021 20:36:43,trevor.dobbin@semarchy.com,trevor.dobbin@semarchy.com,DE_BASED,GD
SOS,706,Somali Shilling,Currency,"1,647",25-Feb-2021 20:36:43,25-Feb-2021 20:36:43,trevor.dobbin@semarchy.com,trevor.dobbin@semarchy.com,DE_BASED,GD
SRD,968,Surinam Dollar,Currency,"1,647",25-Feb-2021 20:36:43,25-Feb-2021 20:36:43,trevor.dobbin@semarchy.com,trevor.dobbin@semarchy.com,DE_BASED,GD
SSP,728,South Sudanese Pound,Currency,"1,647",25-Feb-2021 20:36:43,25-Feb-2021 20:36:43,trevor.dobbin@semarchy.com,trevor.dobbin@semarchy.com,DE_BASED,GD
STN,930,Dobra,Currency,"1,647",25-Feb-2021 20:36:43,25-Feb-2021 20:36:43,trevor.dobbin@semarchy.com,trevor.dobbin@semarchy.com,DE_BASED,GD
SVC,222,El Salvador Colon,Currency,"1,647",25-Feb-2021 20:36:43,25-Feb-2021 20:36:43,trevor.dobbin@semarchy.com,trevor.dobbin@semarchy.com,DE_BASED,GD
SYP,760,Syrian Pound,Currency,"1,647",25-Feb-2021 20:36:43,25-Feb-2021 20:36:43,trevor.dobbin@semarchy.com,trevor.dobbin@semarchy.com,DE_BASED,GD
SZL,748,Lilangeni,Currency,"1,647",25-Feb-2021 20:36:43,25-Feb-2021 20:36:43,trevor.dobbin@semarchy.com,trevor.dobbin@semarchy.com,DE_BASED,GD
THB,764,Baht,Currency,"1,647",25-Feb-2021 20:36:43,25-Feb-2021 20:36:43,trevor.dobbin@semarchy.com,trevor.dobbin@semarchy.com,DE_BASED,GD
TJS,972,Somoni,Currency,"1,647",25-Feb-2021 20:36:43,25-Feb-2021 20:36:43,trevor.dobbin@semarchy.com,trevor.dobbin@semarchy.com,DE_BASED,GD
TMT,934,Turkmenistan New Manat,Currency,"1,647",25-Feb-2021 20:36:43,25-Feb-2021 20:36:43,trevor.dobbin@semarchy.com,trevor.dobbin@semarchy.com,DE_BASED,GD
TND,788,Tunisian Dinar,Currency,"1,647",25-Feb-2021 20:36:43,25-Feb-2021 20:36:43,trevor.dobbin@semarchy.com,trevor.dobbin@semarchy.com,DE_BASED,GD
TOP,776,Pa’anga,Currency,"1,647",25-Feb-2021 20:36:43,25-Feb-2021 20:36:43,trevor.dobbin@semarchy.com,trevor.dobbin@semarchy.com,DE_BASED,GD
TRY,949,Turkish Lira,Currency,"1,647",25-Feb-2021 20:36:43,25-Feb-2021 20:36:43,trevor.dobbin@semarchy.com,trevor.dobbin@semarchy.com,DE_BASED,GD
TTD,780,Trinidad and Tobago Dollar,Currency,"1,647",25-Feb-2021 20:36:43,25-Feb-2021 20:36:43,trevor.dobbin@semarchy.com,trevor.dobbin@semarchy.com,DE_BASED,GD
TWD,901,New Taiwan Dollar,Currency,"1,647",25-Feb-2021 20:36:43,25-Feb-2021 20:36:43,trevor.dobbin@semarchy.com,trevor.dobbin@semarchy.com,DE_BASED,GD
TZS,834,Tanzanian Shilling,Currency,"1,647",25-Feb-2021 20:36:43,25-Feb-2021 20:36:43,trevor.dobbin@semarchy.com,trevor.dobbin@semarchy.com,DE_BASED,GD
UAH,980,Hryvnia,Currency,"1,647",25-Feb-2021 20:36:43,25-Feb-2021 20:36:43,trevor.dobbin@semarchy.com,trevor.dobbin@semarchy.com,DE_BASED,GD
UGX,800,Uganda Shilling,Currency,"1,647",25-Feb-2021 20:36:43,25-Feb-2021 20:36:43,trevor.dobbin@semarchy.com,trevor.dobbin@semarchy.com,DE_BASED,GD
USD,840,US Dollar,Currency,"1,647",25-Feb-2021 20:36:43,25-Feb-2021 20:36:43,trevor.dobbin@semarchy.com,trevor.dobbin@semarchy.com,DE_BASED,GD
USN,997,US Dollar (Next day),Currency,"1,647",25-Feb-2021 20:36:43,25-Feb-2021 20:36:43,trevor.dobbin@semarchy.com,trevor.dobbin@semarchy.com,DE_BASED,GD
UYI,940,Uruguay Peso en Unidades Indexadas (UI),Currency,"1,647",25-Feb-2021 20:36:43,25-Feb-2021 20:36:43,trevor.dobbin@semarchy.com,trevor.dobbin@semarchy.com,DE_BASED,GD
UYU,858,Peso Uruguayo,Currency,"1,647",25-Feb-2021 20:36:43,25-Feb-2021 20:36:43,trevor.dobbin@semarchy.com,trevor.dobbin@semarchy.com,DE_BASED,GD
UYW,927,Unidad Previsional,Currency,"1,647",25-Feb-2021 20:36:43,25-Feb-2021 20:36:43,trevor.dobbin@semarchy.com,trevor.dobbin@semarchy.com,DE_BASED,GD
UZS,860,Uzbekistan Sum,Currency,"1,647",25-Feb-2021 20:36:43,25-Feb-2021 20:36:43,trevor.dobbin@semarchy.com,trevor.dobbin@semarchy.com,DE_BASED,GD
VES,928,Bolívar Soberano,Currency,"1,647",25-Feb-2021 20:36:43,25-Feb-2021 20:36:43,trevor.dobbin@semarchy.com,trevor.dobbin@semarchy.com,DE_BASED,GD
VND,704,Dong,Currency,"1,647",25-Feb-2021 20:36:43,25-Feb-2021 20:36:43,trevor.dobbin@semarchy.com,trevor.dobbin@semarchy.com,DE_BASED,GD
VUV,548,Vatu,Currency,"1,647",25-Feb-2021 20:36:43,25-Feb-2021 20:36:43,trevor.dobbin@semarchy.com,trevor.dobbin@semarchy.com,DE_BASED,GD
WST,882,Tala,Currency,"1,647",25-Feb-2021 20:36:43,25-Feb-2021 20:36:43,trevor.dobbin@semarchy.com,trevor.dobbin@semarchy.com,DE_BASED,GD
XAF,950,CFA Franc BEAC,Currency,"1,647",25-Feb-2021 20:36:43,25-Feb-2021 20:36:43,trevor.dobbin@semarchy.com,trevor.dobbin@semarchy.com,DE_BASED,GD
XAG,961,Silver,Currency,"1,647",25-Feb-2021 20:36:43,25-Feb-2021 20:36:43,trevor.dobbin@semarchy.com,trevor.dobbin@semarchy.com,DE_BASED,GD
XAU,959,Gold,Currency,"1,647",25-Feb-2021 20:36:43,25-Feb-2021 20:36:43,trevor.dobbin@semarchy.com,trevor.dobbin@semarchy.com,DE_BASED,GD
XBA,955,Bond Markets Unit European Composite Unit (EURCO),Currency,"1,647",25-Feb-2021 20:36:43,25-Feb-2021 20:36:43,trevor.dobbin@semarchy.com,trevor.dobbin@semarchy.com,DE_BASED,GD
XBB,956,Bond Markets Unit European Monetary Unit (E.M.U.-6),Currency,"1,647",25-Feb-2021 20:36:43,25-Feb-2021 20:36:43,trevor.dobbin@semarchy.com,trevor.dobbin@semarchy.com,DE_BASED,GD
XBC,957,Bond Markets Unit European Unit of Account 9 (E.U.A.-9),Currency,"1,647",25-Feb-2021 20:36:43,25-Feb-2021 20:36:43,trevor.dobbin@semarchy.com,trevor.dobbin@semarchy.com,DE_BASED,GD
XBD,958,Bond Markets Unit European Unit of Account 17 (E.U.A.-17),Currency,"1,647",25-Feb-2021 20:36:43,25-Feb-2021 20:36:43,trevor.dobbin@semarchy.com,trevor.dobbin@semarchy.com,DE_BASED,GD
XCD,951,East Caribbean Dollar,Currency,"1,647",25-Feb-2021 20:36:43,25-Feb-2021 20:36:43,trevor.dobbin@semarchy.com,trevor.dobbin@semarchy.com,DE_BASED,GD
XDR,960,SDR (Special Drawing Right),Currency,"1,647",25-Feb-2021 20:36:43,25-Feb-2021 20:36:43,trevor.dobbin@semarchy.com,trevor.dobbin@semarchy.com,DE_BASED,GD
XOF,952,CFA Franc BCEAO,Currency,"1,647",25-Feb-2021 20:36:43,25-Feb-2021 20:36:43,trevor.dobbin@semarchy.com,trevor.dobbin@semarchy.com,DE_BASED,GD
XPD,964,Palladium,Currency,"1,647",25-Feb-2021 20:36:43,25-Feb-2021 20:36:43,trevor.dobbin@semarchy.com,trevor.dobbin@semarchy.com,DE_BASED,GD
XPF,953,CFP Franc,Currency,"1,647",25-Feb-2021 20:36:43,25-Feb-2021 20:36:43,trevor.dobbin@semarchy.com,trevor.dobbin@semarchy.com,DE_BASED,GD
XPT,962,Platinum,Currency,"1,647",25-Feb-2021 20:36:43,25-Feb-2021 20:36:43,trevor.dobbin@semarchy.com,trevor.dobbin@semarchy.com,DE_BASED,GD
XSU,994,Sucre,Currency,"1,647",25-Feb-2021 20:36:43,25-Feb-2021 20:36:43,trevor.dobbin@semarchy.com,trevor.dobbin@semarchy.com,DE_BASED,GD
XTS,963,Codes specifically reserved for testing purposes,Currency,"1,647",25-Feb-2021 20:36:43,25-Feb-2021 20:36:43,trevor.dobbin@semarchy.com,trevor.dobbin@semarchy.com,DE_BASED,GD
XUA,965,ADB Unit of Account,Currency,"1,647",25-Feb-2021 20:36:43,25-Feb-2021 20:36:43,trevor.dobbin@semarchy.com,trevor.dobbin@semarchy.com,DE_BASED,GD
XXX,999,The codes assigned for transactions where no currency is involved,Currency,"1,647",25-Feb-2021 20:36:43,25-Feb-2021 20:36:43,trevor.dobbin@semarchy.com,trevor.dobbin@semarchy.com,DE_BASED,GD
YER,886,Yemeni Rial,Currency,"1,647",25-Feb-2021 20:36:43,25-Feb-2021 20:36:43,trevor.dobbin@semarchy.com,trevor.dobbin@semarchy.com,DE_BASED,GD
ZAR,710,Rand,Currency,"1,647",25-Feb-2021 20:36:43,25-Feb-2021 20:36:43,trevor.dobbin@semarchy.com,trevor.dobbin@semarchy.com,DE_BASED,GD
ZMW,967,Zambian Kwacha,Currency,"1,647",25-Feb-2021 20:36:43,25-Feb-2021 20:36:43,trevor.dobbin@semarchy.com,trevor.dobbin@semarchy.com,DE_BASED,GD
ZWL,932,Zimbabwe Dollar,Currency,"1,647",25-Feb-2021 20:36:43,25-Feb-2021 20:36:43,trevor.dobbin@semarchy.com,trevor.dobbin@semarchy.com,DE_BASED,GD
