﻿ID,Name,Class Name,Batch ID,Created On,Updated On,Created By,Updated By,Golden Type,View Type
Architecture,Architecture,Discipline,"1,648",25-Feb-2021 20:38:04,25-Feb-2021 20:38:04,trevor.dobbin@semarchy.com,trevor.dobbin@semarchy.com,DE_BASED,GD
Business,Business,Discipline,"1,648",25-Feb-2021 20:38:04,25-Feb-2021 20:38:04,trevor.dobbin@semarchy.com,trevor.dobbin@semarchy.com,DE_BASED,GD
Computer Science,Computer Science,Discipline,"1,648",25-Feb-2021 20:38:04,25-Feb-2021 20:38:04,trevor.dobbin@semarchy.com,trevor.dobbin@semarchy.com,DE_BASED,GD
Education,Education,Discipline,"1,648",25-Feb-2021 20:38:04,25-Feb-2021 20:38:04,trevor.dobbin@semarchy.com,trevor.dobbin@semarchy.com,DE_BASED,GD
Engineering,Engineering,Discipline,"1,648",25-Feb-2021 20:38:04,25-Feb-2021 20:38:04,trevor.dobbin@semarchy.com,trevor.dobbin@semarchy.com,DE_BASED,GD
Environmental Studies,Environmental Studies,Discipline,"1,648",25-Feb-2021 20:38:04,25-Feb-2021 20:38:04,trevor.dobbin@semarchy.com,trevor.dobbin@semarchy.com,DE_BASED,GD
Fine Arts,Fine Arts,Discipline,"1,648",25-Feb-2021 20:38:04,25-Feb-2021 20:38:04,trevor.dobbin@semarchy.com,trevor.dobbin@semarchy.com,DE_BASED,GD
Law,Law,Discipline,"1,648",25-Feb-2021 20:38:04,25-Feb-2021 20:38:04,trevor.dobbin@semarchy.com,trevor.dobbin@semarchy.com,DE_BASED,GD
Mathematics,Mathematics,Discipline,"1,648",25-Feb-2021 20:38:04,25-Feb-2021 20:38:04,trevor.dobbin@semarchy.com,trevor.dobbin@semarchy.com,DE_BASED,GD
Media Studies,Media Studies,Discipline,"1,648",25-Feb-2021 20:38:04,25-Feb-2021 20:38:04,trevor.dobbin@semarchy.com,trevor.dobbin@semarchy.com,DE_BASED,GD
Medicine,Medicine,Discipline,"1,648",25-Feb-2021 20:38:04,25-Feb-2021 20:38:04,trevor.dobbin@semarchy.com,trevor.dobbin@semarchy.com,DE_BASED,GD
Science,Science,Discipline,"1,648",25-Feb-2021 20:38:04,25-Feb-2021 20:38:04,trevor.dobbin@semarchy.com,trevor.dobbin@semarchy.com,DE_BASED,GD
Social Sciences,Social Sciences,Discipline,"1,648",25-Feb-2021 20:38:04,25-Feb-2021 20:38:04,trevor.dobbin@semarchy.com,trevor.dobbin@semarchy.com,DE_BASED,GD
Sports,Sports,Discipline,"1,648",25-Feb-2021 20:38:04,25-Feb-2021 20:38:04,trevor.dobbin@semarchy.com,trevor.dobbin@semarchy.com,DE_BASED,GD
