﻿ID,Name,Discipline   (Foreign ID),Discipline  ,Discipline (Foreign ID),Class Name,Batch ID,Created On,Updated On,Created By,Updated By,Golden Type,View Type
Architecture.Architectural Engineering,Architectural Engineering,Architecture,Architecture,Architecture,MasterProgram,"1,649",25-Feb-2021 20:39:13,25-Feb-2021 20:39:13,trevor.dobbin@semarchy.com,trevor.dobbin@semarchy.com,DE_BASED,GD
Architecture.Architecture,Architecture,Architecture,Architecture,Architecture,MasterProgram,"1,649",25-Feb-2021 20:39:13,25-Feb-2021 20:39:13,trevor.dobbin@semarchy.com,trevor.dobbin@semarchy.com,DE_BASED,GD
Architecture.Landscape Architecture,Landscape Architecture,Architecture,Architecture,Architecture,MasterProgram,"1,649",25-Feb-2021 20:39:13,25-Feb-2021 20:39:13,trevor.dobbin@semarchy.com,trevor.dobbin@semarchy.com,DE_BASED,GD
Business.Accountancy,Accountancy,Business,Business,Business,MasterProgram,"1,649",25-Feb-2021 20:39:13,25-Feb-2021 20:39:13,trevor.dobbin@semarchy.com,trevor.dobbin@semarchy.com,DE_BASED,GD
Business.Advertising,Advertising,Business,Business,Business,MasterProgram,"1,649",25-Feb-2021 20:39:13,25-Feb-2021 20:39:13,trevor.dobbin@semarchy.com,trevor.dobbin@semarchy.com,DE_BASED,GD
Business.Applied Mathematical Sciences,Applied Mathematical Sciences,Business,Business,Business,MasterProgram,"1,649",25-Feb-2021 20:39:13,25-Feb-2021 20:39:13,trevor.dobbin@semarchy.com,trevor.dobbin@semarchy.com,DE_BASED,GD
Business.Banking,Banking,Business,Business,Business,MasterProgram,"1,649",25-Feb-2021 20:39:13,25-Feb-2021 20:39:13,trevor.dobbin@semarchy.com,trevor.dobbin@semarchy.com,DE_BASED,GD
Business.Biology,Biology,Business,Business,Business,MasterProgram,"1,649",25-Feb-2021 20:39:13,25-Feb-2021 20:39:13,trevor.dobbin@semarchy.com,trevor.dobbin@semarchy.com,DE_BASED,GD
Business.Business,Business,Business,Business,Business,MasterProgram,"1,649",25-Feb-2021 20:39:13,25-Feb-2021 20:39:13,trevor.dobbin@semarchy.com,trevor.dobbin@semarchy.com,DE_BASED,GD
Business.Business Administration,Business Administration,Business,Business,Business,MasterProgram,"1,649",25-Feb-2021 20:39:13,25-Feb-2021 20:39:13,trevor.dobbin@semarchy.com,trevor.dobbin@semarchy.com,DE_BASED,GD
Business.Business Economics,Business Economics,Business,Business,Business,MasterProgram,"1,649",25-Feb-2021 20:39:13,25-Feb-2021 20:39:13,trevor.dobbin@semarchy.com,trevor.dobbin@semarchy.com,DE_BASED,GD
Business.Business Engineering,Business Engineering,Business,Business,Business,MasterProgram,"1,649",25-Feb-2021 20:39:13,25-Feb-2021 20:39:13,trevor.dobbin@semarchy.com,trevor.dobbin@semarchy.com,DE_BASED,GD
Business.Commerce,Commerce,Business,Business,Business,MasterProgram,"1,649",25-Feb-2021 20:39:13,25-Feb-2021 20:39:13,trevor.dobbin@semarchy.com,trevor.dobbin@semarchy.com,DE_BASED,GD
Business.English,English,Business,Business,Business,MasterProgram,"1,649",25-Feb-2021 20:39:13,25-Feb-2021 20:39:13,trevor.dobbin@semarchy.com,trevor.dobbin@semarchy.com,DE_BASED,GD
Business.Enterprise,Enterprise,Business,Business,Business,MasterProgram,"1,649",25-Feb-2021 20:39:13,25-Feb-2021 20:39:13,trevor.dobbin@semarchy.com,trevor.dobbin@semarchy.com,DE_BASED,GD
Business.Environmental Studies,Environmental Studies,Business,Business,Business,MasterProgram,"1,649",25-Feb-2021 20:39:13,25-Feb-2021 20:39:13,trevor.dobbin@semarchy.com,trevor.dobbin@semarchy.com,DE_BASED,GD
Business.Events Management,Events Management,Business,Business,Business,MasterProgram,"1,649",25-Feb-2021 20:39:13,25-Feb-2021 20:39:13,trevor.dobbin@semarchy.com,trevor.dobbin@semarchy.com,DE_BASED,GD
Business.Finance,Finance,Business,Business,Business,MasterProgram,"1,649",25-Feb-2021 20:39:13,25-Feb-2021 20:39:13,trevor.dobbin@semarchy.com,trevor.dobbin@semarchy.com,DE_BASED,GD
Business.Financial Engineering,Financial Engineering,Business,Business,Business,MasterProgram,"1,649",25-Feb-2021 20:39:13,25-Feb-2021 20:39:13,trevor.dobbin@semarchy.com,trevor.dobbin@semarchy.com,DE_BASED,GD
Business.Food Science,Food Science,Business,Business,Business,MasterProgram,"1,649",25-Feb-2021 20:39:13,25-Feb-2021 20:39:13,trevor.dobbin@semarchy.com,trevor.dobbin@semarchy.com,DE_BASED,GD
Business.Globalization,Globalization,Business,Business,Business,MasterProgram,"1,649",25-Feb-2021 20:39:13,25-Feb-2021 20:39:13,trevor.dobbin@semarchy.com,trevor.dobbin@semarchy.com,DE_BASED,GD
Business.Global Logistics,Global Logistics,Business,Business,Business,MasterProgram,"1,649",25-Feb-2021 20:39:13,25-Feb-2021 20:39:13,trevor.dobbin@semarchy.com,trevor.dobbin@semarchy.com,DE_BASED,GD
Business.Humanities,Humanities,Business,Business,Business,MasterProgram,"1,649",25-Feb-2021 20:39:13,25-Feb-2021 20:39:13,trevor.dobbin@semarchy.com,trevor.dobbin@semarchy.com,DE_BASED,GD
Business.Human Resources,Human Resources,Business,Business,Business,MasterProgram,"1,649",25-Feb-2021 20:39:13,25-Feb-2021 20:39:13,trevor.dobbin@semarchy.com,trevor.dobbin@semarchy.com,DE_BASED,GD
Business.Industrial and Labour Relations,Industrial and Labour Relations,Business,Business,Business,MasterProgram,"1,649",25-Feb-2021 20:39:13,25-Feb-2021 20:39:13,trevor.dobbin@semarchy.com,trevor.dobbin@semarchy.com,DE_BASED,GD
Business.Information Management,Information Management,Business,Business,Business,MasterProgram,"1,649",25-Feb-2021 20:39:13,25-Feb-2021 20:39:13,trevor.dobbin@semarchy.com,trevor.dobbin@semarchy.com,DE_BASED,GD
Business.Information Technology,Information Technology,Business,Business,Business,MasterProgram,"1,649",25-Feb-2021 20:39:13,25-Feb-2021 20:39:13,trevor.dobbin@semarchy.com,trevor.dobbin@semarchy.com,DE_BASED,GD
Business.Insurance,Insurance,Business,Business,Business,MasterProgram,"1,649",25-Feb-2021 20:39:13,25-Feb-2021 20:39:13,trevor.dobbin@semarchy.com,trevor.dobbin@semarchy.com,DE_BASED,GD
Business.International Business,International Business,Business,Business,Business,MasterProgram,"1,649",25-Feb-2021 20:39:13,25-Feb-2021 20:39:13,trevor.dobbin@semarchy.com,trevor.dobbin@semarchy.com,DE_BASED,GD
Business.International Economics,International Economics,Business,Business,Business,MasterProgram,"1,649",25-Feb-2021 20:39:13,25-Feb-2021 20:39:13,trevor.dobbin@semarchy.com,trevor.dobbin@semarchy.com,DE_BASED,GD
Business.Journalism,Journalism,Business,Business,Business,MasterProgram,"1,649",25-Feb-2021 20:39:13,25-Feb-2021 20:39:13,trevor.dobbin@semarchy.com,trevor.dobbin@semarchy.com,DE_BASED,GD
Business.Law,Law,Business,Business,Business,MasterProgram,"1,649",25-Feb-2021 20:39:13,25-Feb-2021 20:39:13,trevor.dobbin@semarchy.com,trevor.dobbin@semarchy.com,DE_BASED,GD
Business.Leadership,Leadership,Business,Business,Business,MasterProgram,"1,649",25-Feb-2021 20:39:13,25-Feb-2021 20:39:13,trevor.dobbin@semarchy.com,trevor.dobbin@semarchy.com,DE_BASED,GD
Business.Management,Management,Business,Business,Business,MasterProgram,"1,649",25-Feb-2021 20:39:13,25-Feb-2021 20:39:13,trevor.dobbin@semarchy.com,trevor.dobbin@semarchy.com,DE_BASED,GD
Business.Marketing,Marketing,Business,Business,Business,MasterProgram,"1,649",25-Feb-2021 20:39:13,25-Feb-2021 20:39:13,trevor.dobbin@semarchy.com,trevor.dobbin@semarchy.com,DE_BASED,GD
Business.Professional Studies,Professional Studies,Business,Business,Business,MasterProgram,"1,649",25-Feb-2021 20:39:13,25-Feb-2021 20:39:13,trevor.dobbin@semarchy.com,trevor.dobbin@semarchy.com,DE_BASED,GD
Business.Project Management,Project Management,Business,Business,Business,MasterProgram,"1,649",25-Feb-2021 20:39:13,25-Feb-2021 20:39:13,trevor.dobbin@semarchy.com,trevor.dobbin@semarchy.com,DE_BASED,GD
Business.Public Relations,Public Relations,Business,Business,Business,MasterProgram,"1,649",25-Feb-2021 20:39:13,25-Feb-2021 20:39:13,trevor.dobbin@semarchy.com,trevor.dobbin@semarchy.com,DE_BASED,GD
Business.Quality Assurance,Quality Assurance,Business,Business,Business,MasterProgram,"1,649",25-Feb-2021 20:39:13,25-Feb-2021 20:39:13,trevor.dobbin@semarchy.com,trevor.dobbin@semarchy.com,DE_BASED,GD
Business.Real Estate Development,Real Estate Development,Business,Business,Business,MasterProgram,"1,649",25-Feb-2021 20:39:13,25-Feb-2021 20:39:13,trevor.dobbin@semarchy.com,trevor.dobbin@semarchy.com,DE_BASED,GD
Business.Risk Management,Risk Management,Business,Business,Business,MasterProgram,"1,649",25-Feb-2021 20:39:13,25-Feb-2021 20:39:13,trevor.dobbin@semarchy.com,trevor.dobbin@semarchy.com,DE_BASED,GD
Business.Sports,Sports,Business,Business,Business,MasterProgram,"1,649",25-Feb-2021 20:39:13,25-Feb-2021 20:39:13,trevor.dobbin@semarchy.com,trevor.dobbin@semarchy.com,DE_BASED,GD
Business.Supply Chain Management,Supply Chain Management,Business,Business,Business,MasterProgram,"1,649",25-Feb-2021 20:39:13,25-Feb-2021 20:39:13,trevor.dobbin@semarchy.com,trevor.dobbin@semarchy.com,DE_BASED,GD
Business.Taxation,Taxation,Business,Business,Business,MasterProgram,"1,649",25-Feb-2021 20:39:13,25-Feb-2021 20:39:13,trevor.dobbin@semarchy.com,trevor.dobbin@semarchy.com,DE_BASED,GD
Business.Tourism Management,Tourism Management,Business,Business,Business,MasterProgram,"1,649",25-Feb-2021 20:39:13,25-Feb-2021 20:39:13,trevor.dobbin@semarchy.com,trevor.dobbin@semarchy.com,DE_BASED,GD
Business.Veterinary Science,Veterinary Science,Business,Business,Business,MasterProgram,"1,649",25-Feb-2021 20:39:13,25-Feb-2021 20:39:13,trevor.dobbin@semarchy.com,trevor.dobbin@semarchy.com,DE_BASED,GD
Computer Science.Animation,Animation,Computer Science,Computer Science,Computer Science,MasterProgram,"1,649",25-Feb-2021 20:39:13,25-Feb-2021 20:39:13,trevor.dobbin@semarchy.com,trevor.dobbin@semarchy.com,DE_BASED,GD
Computer Science.Business,Business,Computer Science,Computer Science,Computer Science,MasterProgram,"1,649",25-Feb-2021 20:39:13,25-Feb-2021 20:39:13,trevor.dobbin@semarchy.com,trevor.dobbin@semarchy.com,DE_BASED,GD
Computer Science.Communications Engineering,Communications Engineering,Computer Science,Computer Science,Computer Science,MasterProgram,"1,649",25-Feb-2021 20:39:13,25-Feb-2021 20:39:13,trevor.dobbin@semarchy.com,trevor.dobbin@semarchy.com,DE_BASED,GD
Computer Science.Computer Applications,Computer Applications,Computer Science,Computer Science,Computer Science,MasterProgram,"1,649",25-Feb-2021 20:39:13,25-Feb-2021 20:39:13,trevor.dobbin@semarchy.com,trevor.dobbin@semarchy.com,DE_BASED,GD
Computer Science.Computer Engineering,Computer Engineering,Computer Science,Computer Science,Computer Science,MasterProgram,"1,649",25-Feb-2021 20:39:13,25-Feb-2021 20:39:13,trevor.dobbin@semarchy.com,trevor.dobbin@semarchy.com,DE_BASED,GD
Computer Science.Computer Information Systems,Computer Information Systems,Computer Science,Computer Science,Computer Science,MasterProgram,"1,649",25-Feb-2021 20:39:13,25-Feb-2021 20:39:13,trevor.dobbin@semarchy.com,trevor.dobbin@semarchy.com,DE_BASED,GD
Computer Science.Computer Science,Computer Science,Computer Science,Computer Science,Computer Science,MasterProgram,"1,649",25-Feb-2021 20:39:13,25-Feb-2021 20:39:13,trevor.dobbin@semarchy.com,trevor.dobbin@semarchy.com,DE_BASED,GD
Computer Science.Computing Research,Computing Research,Computer Science,Computer Science,Computer Science,MasterProgram,"1,649",25-Feb-2021 20:39:13,25-Feb-2021 20:39:13,trevor.dobbin@semarchy.com,trevor.dobbin@semarchy.com,DE_BASED,GD
Computer Science.Cyber Security,Cyber Security,Computer Science,Computer Science,Computer Science,MasterProgram,"1,649",25-Feb-2021 20:39:13,25-Feb-2021 20:39:13,trevor.dobbin@semarchy.com,trevor.dobbin@semarchy.com,DE_BASED,GD
Computer Science.Data Analytics,Data Analytics,Computer Science,Computer Science,Computer Science,MasterProgram,"1,649",25-Feb-2021 20:39:13,25-Feb-2021 20:39:13,trevor.dobbin@semarchy.com,trevor.dobbin@semarchy.com,DE_BASED,GD
Computer Science.Data Science,Data Science,Computer Science,Computer Science,Computer Science,MasterProgram,"1,649",25-Feb-2021 20:39:13,25-Feb-2021 20:39:13,trevor.dobbin@semarchy.com,trevor.dobbin@semarchy.com,DE_BASED,GD
Computer Science.Environmental Studies,Environmental Studies,Computer Science,Computer Science,Computer Science,MasterProgram,"1,649",25-Feb-2021 20:39:13,25-Feb-2021 20:39:13,trevor.dobbin@semarchy.com,trevor.dobbin@semarchy.com,DE_BASED,GD
Computer Science.Game Development,Game Development,Computer Science,Computer Science,Computer Science,MasterProgram,"1,649",25-Feb-2021 20:39:13,25-Feb-2021 20:39:13,trevor.dobbin@semarchy.com,trevor.dobbin@semarchy.com,DE_BASED,GD
Computer Science.Information System Management,Information System Management,Computer Science,Computer Science,Computer Science,MasterProgram,"1,649",25-Feb-2021 20:39:13,25-Feb-2021 20:39:13,trevor.dobbin@semarchy.com,trevor.dobbin@semarchy.com,DE_BASED,GD
Computer Science.Information Systems,Information Systems,Computer Science,Computer Science,Computer Science,MasterProgram,"1,649",25-Feb-2021 20:39:13,25-Feb-2021 20:39:13,trevor.dobbin@semarchy.com,trevor.dobbin@semarchy.com,DE_BASED,GD
Computer Science.Information Technology,Information Technology,Computer Science,Computer Science,Computer Science,MasterProgram,"1,649",25-Feb-2021 20:39:13,25-Feb-2021 20:39:13,trevor.dobbin@semarchy.com,trevor.dobbin@semarchy.com,DE_BASED,GD
Computer Science.Interactive Systems Design,Interactive Systems Design,Computer Science,Computer Science,Computer Science,MasterProgram,"1,649",25-Feb-2021 20:39:13,25-Feb-2021 20:39:13,trevor.dobbin@semarchy.com,trevor.dobbin@semarchy.com,DE_BASED,GD
Computer Science.Management,Management,Computer Science,Computer Science,Computer Science,MasterProgram,"1,649",25-Feb-2021 20:39:13,25-Feb-2021 20:39:13,trevor.dobbin@semarchy.com,trevor.dobbin@semarchy.com,DE_BASED,GD
Computer Science.Network Technology,Network Technology,Computer Science,Computer Science,Computer Science,MasterProgram,"1,649",25-Feb-2021 20:39:13,25-Feb-2021 20:39:13,trevor.dobbin@semarchy.com,trevor.dobbin@semarchy.com,DE_BASED,GD
Computer Science.Software Development,Software Development,Computer Science,Computer Science,Computer Science,MasterProgram,"1,649",25-Feb-2021 20:39:13,25-Feb-2021 20:39:13,trevor.dobbin@semarchy.com,trevor.dobbin@semarchy.com,DE_BASED,GD
Computer Science.Software Engineering,Software Engineering,Computer Science,Computer Science,Computer Science,MasterProgram,"1,649",25-Feb-2021 20:39:13,25-Feb-2021 20:39:13,trevor.dobbin@semarchy.com,trevor.dobbin@semarchy.com,DE_BASED,GD
Education.Business,Business,Education,Education,Education,MasterProgram,"1,649",25-Feb-2021 20:39:13,25-Feb-2021 20:39:13,trevor.dobbin@semarchy.com,trevor.dobbin@semarchy.com,DE_BASED,GD
Education.Childhood Education,Childhood Education,Education,Education,Education,MasterProgram,"1,649",25-Feb-2021 20:39:13,25-Feb-2021 20:39:13,trevor.dobbin@semarchy.com,trevor.dobbin@semarchy.com,DE_BASED,GD
Education.Education,Education,Education,Education,Education,MasterProgram,"1,649",25-Feb-2021 20:39:13,25-Feb-2021 20:39:13,trevor.dobbin@semarchy.com,trevor.dobbin@semarchy.com,DE_BASED,GD
Education.Educational Administration,Educational Administration,Education,Education,Education,MasterProgram,"1,649",25-Feb-2021 20:39:13,25-Feb-2021 20:39:13,trevor.dobbin@semarchy.com,trevor.dobbin@semarchy.com,DE_BASED,GD
Education.Educational Technology,Educational Technology,Education,Education,Education,MasterProgram,"1,649",25-Feb-2021 20:39:13,25-Feb-2021 20:39:13,trevor.dobbin@semarchy.com,trevor.dobbin@semarchy.com,DE_BASED,GD
Education.Science Education,Science Education,Education,Education,Education,MasterProgram,"1,649",25-Feb-2021 20:39:13,25-Feb-2021 20:39:13,trevor.dobbin@semarchy.com,trevor.dobbin@semarchy.com,DE_BASED,GD
Education.Special Education,Special Education,Education,Education,Education,MasterProgram,"1,649",25-Feb-2021 20:39:13,25-Feb-2021 20:39:13,trevor.dobbin@semarchy.com,trevor.dobbin@semarchy.com,DE_BASED,GD
Education.Teaching,Teaching,Education,Education,Education,MasterProgram,"1,649",25-Feb-2021 20:39:13,25-Feb-2021 20:39:13,trevor.dobbin@semarchy.com,trevor.dobbin@semarchy.com,DE_BASED,GD
Engineering.Aerospace Engineering,Aerospace Engineering,Engineering,Engineering,Engineering,MasterProgram,"1,649",25-Feb-2021 20:39:13,25-Feb-2021 20:39:13,trevor.dobbin@semarchy.com,trevor.dobbin@semarchy.com,DE_BASED,GD
Engineering.Automotive Engineering,Automotive Engineering,Engineering,Engineering,Engineering,MasterProgram,"1,649",25-Feb-2021 20:39:13,25-Feb-2021 20:39:13,trevor.dobbin@semarchy.com,trevor.dobbin@semarchy.com,DE_BASED,GD
Engineering.Biological Engineering,Biological Engineering,Engineering,Engineering,Engineering,MasterProgram,"1,649",25-Feb-2021 20:39:13,25-Feb-2021 20:39:13,trevor.dobbin@semarchy.com,trevor.dobbin@semarchy.com,DE_BASED,GD
Engineering.Biology,Biology,Engineering,Engineering,Engineering,MasterProgram,"1,649",25-Feb-2021 20:39:13,25-Feb-2021 20:39:13,trevor.dobbin@semarchy.com,trevor.dobbin@semarchy.com,DE_BASED,GD
Engineering.Chemical Engineering,Chemical Engineering,Engineering,Engineering,Engineering,MasterProgram,"1,649",25-Feb-2021 20:39:13,25-Feb-2021 20:39:13,trevor.dobbin@semarchy.com,trevor.dobbin@semarchy.com,DE_BASED,GD
Engineering.City Planning,City Planning,Engineering,Engineering,Engineering,MasterProgram,"1,649",25-Feb-2021 20:39:13,25-Feb-2021 20:39:13,trevor.dobbin@semarchy.com,trevor.dobbin@semarchy.com,DE_BASED,GD
Engineering.Civil Engineering,Civil Engineering,Engineering,Engineering,Engineering,MasterProgram,"1,649",25-Feb-2021 20:39:13,25-Feb-2021 20:39:13,trevor.dobbin@semarchy.com,trevor.dobbin@semarchy.com,DE_BASED,GD
Engineering.Construction Engineering,Construction Engineering,Engineering,Engineering,Engineering,MasterProgram,"1,649",25-Feb-2021 20:39:13,25-Feb-2021 20:39:13,trevor.dobbin@semarchy.com,trevor.dobbin@semarchy.com,DE_BASED,GD
Engineering.Construction Management,Construction Management,Engineering,Engineering,Engineering,MasterProgram,"1,649",25-Feb-2021 20:39:13,25-Feb-2021 20:39:13,trevor.dobbin@semarchy.com,trevor.dobbin@semarchy.com,DE_BASED,GD
Engineering.Construction Technology,Construction Technology,Engineering,Engineering,Engineering,MasterProgram,"1,649",25-Feb-2021 20:39:13,25-Feb-2021 20:39:13,trevor.dobbin@semarchy.com,trevor.dobbin@semarchy.com,DE_BASED,GD
Engineering.Electrical Engineering,Electrical Engineering,Engineering,Engineering,Engineering,MasterProgram,"1,649",25-Feb-2021 20:39:13,25-Feb-2021 20:39:13,trevor.dobbin@semarchy.com,trevor.dobbin@semarchy.com,DE_BASED,GD
Engineering.Engineering,Engineering,Engineering,Engineering,Engineering,MasterProgram,"1,649",25-Feb-2021 20:39:13,25-Feb-2021 20:39:13,trevor.dobbin@semarchy.com,trevor.dobbin@semarchy.com,DE_BASED,GD
Engineering.Engineering Management,Engineering Management,Engineering,Engineering,Engineering,MasterProgram,"1,649",25-Feb-2021 20:39:13,25-Feb-2021 20:39:13,trevor.dobbin@semarchy.com,trevor.dobbin@semarchy.com,DE_BASED,GD
Engineering.Engineering Physics,Engineering Physics,Engineering,Engineering,Engineering,MasterProgram,"1,649",25-Feb-2021 20:39:13,25-Feb-2021 20:39:13,trevor.dobbin@semarchy.com,trevor.dobbin@semarchy.com,DE_BASED,GD
Engineering.Engineering Technology,Engineering Technology,Engineering,Engineering,Engineering,MasterProgram,"1,649",25-Feb-2021 20:39:13,25-Feb-2021 20:39:13,trevor.dobbin@semarchy.com,trevor.dobbin@semarchy.com,DE_BASED,GD
Engineering.Industrial Engineering,Industrial Engineering,Engineering,Engineering,Engineering,MasterProgram,"1,649",25-Feb-2021 20:39:13,25-Feb-2021 20:39:13,trevor.dobbin@semarchy.com,trevor.dobbin@semarchy.com,DE_BASED,GD
Engineering.Information System Management,Information System Management,Engineering,Engineering,Engineering,MasterProgram,"1,649",25-Feb-2021 20:39:13,25-Feb-2021 20:39:13,trevor.dobbin@semarchy.com,trevor.dobbin@semarchy.com,DE_BASED,GD
Engineering.Manufacturing Engineering,Manufacturing Engineering,Engineering,Engineering,Engineering,MasterProgram,"1,649",25-Feb-2021 20:39:13,25-Feb-2021 20:39:13,trevor.dobbin@semarchy.com,trevor.dobbin@semarchy.com,DE_BASED,GD
Engineering.Mechanical Engineering,Mechanical Engineering,Engineering,Engineering,Engineering,MasterProgram,"1,649",25-Feb-2021 20:39:13,25-Feb-2021 20:39:13,trevor.dobbin@semarchy.com,trevor.dobbin@semarchy.com,DE_BASED,GD
Engineering.Mining Engineering,Mining Engineering,Engineering,Engineering,Engineering,MasterProgram,"1,649",25-Feb-2021 20:39:13,25-Feb-2021 20:39:13,trevor.dobbin@semarchy.com,trevor.dobbin@semarchy.com,DE_BASED,GD
Engineering.Nuclear Engineering,Nuclear Engineering,Engineering,Engineering,Engineering,MasterProgram,"1,649",25-Feb-2021 20:39:13,25-Feb-2021 20:39:13,trevor.dobbin@semarchy.com,trevor.dobbin@semarchy.com,DE_BASED,GD
Engineering.Petroleum Engineering,Petroleum Engineering,Engineering,Engineering,Engineering,MasterProgram,"1,649",25-Feb-2021 20:39:13,25-Feb-2021 20:39:13,trevor.dobbin@semarchy.com,trevor.dobbin@semarchy.com,DE_BASED,GD
Engineering.Quantity Surveying Engineering,Quantity Surveying Engineering,Engineering,Engineering,Engineering,MasterProgram,"1,649",25-Feb-2021 20:39:13,25-Feb-2021 20:39:13,trevor.dobbin@semarchy.com,trevor.dobbin@semarchy.com,DE_BASED,GD
Engineering.Robotics,Robotics,Engineering,Engineering,Engineering,MasterProgram,"1,649",25-Feb-2021 20:39:13,25-Feb-2021 20:39:13,trevor.dobbin@semarchy.com,trevor.dobbin@semarchy.com,DE_BASED,GD
Engineering.Software Engineering,Software Engineering,Engineering,Engineering,Engineering,MasterProgram,"1,649",25-Feb-2021 20:39:13,25-Feb-2021 20:39:13,trevor.dobbin@semarchy.com,trevor.dobbin@semarchy.com,DE_BASED,GD
Engineering.Sustainable and Renewable Energy Engineering,Sustainable and Renewable Energy Engineering,Engineering,Engineering,Engineering,MasterProgram,"1,649",25-Feb-2021 20:39:13,25-Feb-2021 20:39:13,trevor.dobbin@semarchy.com,trevor.dobbin@semarchy.com,DE_BASED,GD
Engineering.Systems Engineering,Systems Engineering,Engineering,Engineering,Engineering,MasterProgram,"1,649",25-Feb-2021 20:39:13,25-Feb-2021 20:39:13,trevor.dobbin@semarchy.com,trevor.dobbin@semarchy.com,DE_BASED,GD
Environmental Studies.Agricultural Business,Agricultural Business,Environmental Studies,Environmental Studies,Environmental Studies,MasterProgram,"1,649",25-Feb-2021 20:39:13,25-Feb-2021 20:39:13,trevor.dobbin@semarchy.com,trevor.dobbin@semarchy.com,DE_BASED,GD
Environmental Studies.Agriculture,Agriculture,Environmental Studies,Environmental Studies,Environmental Studies,MasterProgram,"1,649",25-Feb-2021 20:39:13,25-Feb-2021 20:39:13,trevor.dobbin@semarchy.com,trevor.dobbin@semarchy.com,DE_BASED,GD
Environmental Studies.Environmental Studies,Environmental Studies,Environmental Studies,Environmental Studies,Environmental Studies,MasterProgram,"1,649",25-Feb-2021 20:39:13,25-Feb-2021 20:39:13,trevor.dobbin@semarchy.com,trevor.dobbin@semarchy.com,DE_BASED,GD
Environmental Studies.Teaching,Teaching,Environmental Studies,Environmental Studies,Environmental Studies,MasterProgram,"1,649",25-Feb-2021 20:39:13,25-Feb-2021 20:39:13,trevor.dobbin@semarchy.com,trevor.dobbin@semarchy.com,DE_BASED,GD
Fine Arts.Art History,Art History,Fine Arts,Fine Arts,Fine Arts,MasterProgram,"1,649",25-Feb-2021 20:39:13,25-Feb-2021 20:39:13,trevor.dobbin@semarchy.com,trevor.dobbin@semarchy.com,DE_BASED,GD
Fine Arts.Communication,Communication,Fine Arts,Fine Arts,Fine Arts,MasterProgram,"1,649",25-Feb-2021 20:39:13,25-Feb-2021 20:39:13,trevor.dobbin@semarchy.com,trevor.dobbin@semarchy.com,DE_BASED,GD
Fine Arts.Dance,Dance,Fine Arts,Fine Arts,Fine Arts,MasterProgram,"1,649",25-Feb-2021 20:39:13,25-Feb-2021 20:39:13,trevor.dobbin@semarchy.com,trevor.dobbin@semarchy.com,DE_BASED,GD
Fine Arts.Design,Design,Fine Arts,Fine Arts,Fine Arts,MasterProgram,"1,649",25-Feb-2021 20:39:13,25-Feb-2021 20:39:13,trevor.dobbin@semarchy.com,trevor.dobbin@semarchy.com,DE_BASED,GD
Fine Arts.Drama,Drama,Fine Arts,Fine Arts,Fine Arts,MasterProgram,"1,649",25-Feb-2021 20:39:13,25-Feb-2021 20:39:13,trevor.dobbin@semarchy.com,trevor.dobbin@semarchy.com,DE_BASED,GD
Fine Arts.Fashion,Fashion,Fine Arts,Fine Arts,Fine Arts,MasterProgram,"1,649",25-Feb-2021 20:39:13,25-Feb-2021 20:39:13,trevor.dobbin@semarchy.com,trevor.dobbin@semarchy.com,DE_BASED,GD
Fine Arts.Film Studies,Film Studies,Fine Arts,Fine Arts,Fine Arts,MasterProgram,"1,649",25-Feb-2021 20:39:13,25-Feb-2021 20:39:13,trevor.dobbin@semarchy.com,trevor.dobbin@semarchy.com,DE_BASED,GD
Fine Arts.Fine Arts,Fine Arts,Fine Arts,Fine Arts,Fine Arts,MasterProgram,"1,649",25-Feb-2021 20:39:13,25-Feb-2021 20:39:13,trevor.dobbin@semarchy.com,trevor.dobbin@semarchy.com,DE_BASED,GD
Fine Arts.Graphic Design,Graphic Design,Fine Arts,Fine Arts,Fine Arts,MasterProgram,"1,649",25-Feb-2021 20:39:13,25-Feb-2021 20:39:13,trevor.dobbin@semarchy.com,trevor.dobbin@semarchy.com,DE_BASED,GD
Fine Arts.Innovative Design,Innovative Design,Fine Arts,Fine Arts,Fine Arts,MasterProgram,"1,649",25-Feb-2021 20:39:13,25-Feb-2021 20:39:13,trevor.dobbin@semarchy.com,trevor.dobbin@semarchy.com,DE_BASED,GD
Fine Arts.Marine Biology,Marine Biology,Fine Arts,Fine Arts,Fine Arts,MasterProgram,"1,649",25-Feb-2021 20:39:13,25-Feb-2021 20:39:13,trevor.dobbin@semarchy.com,trevor.dobbin@semarchy.com,DE_BASED,GD
Fine Arts.Marketing,Marketing,Fine Arts,Fine Arts,Fine Arts,MasterProgram,"1,649",25-Feb-2021 20:39:13,25-Feb-2021 20:39:13,trevor.dobbin@semarchy.com,trevor.dobbin@semarchy.com,DE_BASED,GD
Fine Arts.Media Production,Media Production,Fine Arts,Fine Arts,Fine Arts,MasterProgram,"1,649",25-Feb-2021 20:39:13,25-Feb-2021 20:39:13,trevor.dobbin@semarchy.com,trevor.dobbin@semarchy.com,DE_BASED,GD
Fine Arts.Media Studies,Media Studies,Fine Arts,Fine Arts,Fine Arts,MasterProgram,"1,649",25-Feb-2021 20:39:13,25-Feb-2021 20:39:13,trevor.dobbin@semarchy.com,trevor.dobbin@semarchy.com,DE_BASED,GD
Fine Arts.Music,Music,Fine Arts,Fine Arts,Fine Arts,MasterProgram,"1,649",25-Feb-2021 20:39:13,25-Feb-2021 20:39:13,trevor.dobbin@semarchy.com,trevor.dobbin@semarchy.com,DE_BASED,GD
Fine Arts.Music Education,Music Education,Fine Arts,Fine Arts,Fine Arts,MasterProgram,"1,649",25-Feb-2021 20:39:13,25-Feb-2021 20:39:13,trevor.dobbin@semarchy.com,trevor.dobbin@semarchy.com,DE_BASED,GD
Fine Arts.Performing Arts,Performing Arts,Fine Arts,Fine Arts,Fine Arts,MasterProgram,"1,649",25-Feb-2021 20:39:13,25-Feb-2021 20:39:13,trevor.dobbin@semarchy.com,trevor.dobbin@semarchy.com,DE_BASED,GD
Fine Arts.Photography,Photography,Fine Arts,Fine Arts,Fine Arts,MasterProgram,"1,649",25-Feb-2021 20:39:13,25-Feb-2021 20:39:13,trevor.dobbin@semarchy.com,trevor.dobbin@semarchy.com,DE_BASED,GD
Fine Arts.Theatre,Theatre,Fine Arts,Fine Arts,Fine Arts,MasterProgram,"1,649",25-Feb-2021 20:39:13,25-Feb-2021 20:39:13,trevor.dobbin@semarchy.com,trevor.dobbin@semarchy.com,DE_BASED,GD
Fine Arts.Visual Arts,Visual Arts,Fine Arts,Fine Arts,Fine Arts,MasterProgram,"1,649",25-Feb-2021 20:39:13,25-Feb-2021 20:39:13,trevor.dobbin@semarchy.com,trevor.dobbin@semarchy.com,DE_BASED,GD
Fine Arts.Visual Effects,Visual Effects,Fine Arts,Fine Arts,Fine Arts,MasterProgram,"1,649",25-Feb-2021 20:39:13,25-Feb-2021 20:39:13,trevor.dobbin@semarchy.com,trevor.dobbin@semarchy.com,DE_BASED,GD
Fine Arts.Vocal Performance,Vocal Performance,Fine Arts,Fine Arts,Fine Arts,MasterProgram,"1,649",25-Feb-2021 20:39:13,25-Feb-2021 20:39:13,trevor.dobbin@semarchy.com,trevor.dobbin@semarchy.com,DE_BASED,GD
Law.Business Law,Business Law,Law,Law,Law,MasterProgram,"1,649",25-Feb-2021 20:39:13,25-Feb-2021 20:39:13,trevor.dobbin@semarchy.com,trevor.dobbin@semarchy.com,DE_BASED,GD
Law.Computer Science,Computer Science,Law,Law,Law,MasterProgram,"1,649",25-Feb-2021 20:39:13,25-Feb-2021 20:39:13,trevor.dobbin@semarchy.com,trevor.dobbin@semarchy.com,DE_BASED,GD
Law.Criminal Justice,Criminal Justice,Law,Law,Law,MasterProgram,"1,649",25-Feb-2021 20:39:13,25-Feb-2021 20:39:13,trevor.dobbin@semarchy.com,trevor.dobbin@semarchy.com,DE_BASED,GD
Law.Criminology,Criminology,Law,Law,Law,MasterProgram,"1,649",25-Feb-2021 20:39:13,25-Feb-2021 20:39:13,trevor.dobbin@semarchy.com,trevor.dobbin@semarchy.com,DE_BASED,GD
Law.Environmental Law,Environmental Law,Law,Law,Law,MasterProgram,"1,649",25-Feb-2021 20:39:13,25-Feb-2021 20:39:13,trevor.dobbin@semarchy.com,trevor.dobbin@semarchy.com,DE_BASED,GD
Law.European Law,European Law,Law,Law,Law,MasterProgram,"1,649",25-Feb-2021 20:39:13,25-Feb-2021 20:39:13,trevor.dobbin@semarchy.com,trevor.dobbin@semarchy.com,DE_BASED,GD
Law.Jurisprudence,Jurisprudence,Law,Law,Law,MasterProgram,"1,649",25-Feb-2021 20:39:13,25-Feb-2021 20:39:13,trevor.dobbin@semarchy.com,trevor.dobbin@semarchy.com,DE_BASED,GD
Law.Law,Law,Law,Law,Law,MasterProgram,"1,649",25-Feb-2021 20:39:13,25-Feb-2021 20:39:13,trevor.dobbin@semarchy.com,trevor.dobbin@semarchy.com,DE_BASED,GD
Law.Laws,Laws,Law,Law,Law,MasterProgram,"1,649",25-Feb-2021 20:39:13,25-Feb-2021 20:39:13,trevor.dobbin@semarchy.com,trevor.dobbin@semarchy.com,DE_BASED,GD
Law.Legal Management,Legal Management,Law,Law,Law,MasterProgram,"1,649",25-Feb-2021 20:39:13,25-Feb-2021 20:39:13,trevor.dobbin@semarchy.com,trevor.dobbin@semarchy.com,DE_BASED,GD
Law.Mathematics,Mathematics,Law,Law,Law,MasterProgram,"1,649",25-Feb-2021 20:39:13,25-Feb-2021 20:39:13,trevor.dobbin@semarchy.com,trevor.dobbin@semarchy.com,DE_BASED,GD
Law.Media Studies,Media Studies,Law,Law,Law,MasterProgram,"1,649",25-Feb-2021 20:39:13,25-Feb-2021 20:39:13,trevor.dobbin@semarchy.com,trevor.dobbin@semarchy.com,DE_BASED,GD
Law.Studies in Law,Studies in Law,Law,Law,Law,MasterProgram,"1,649",25-Feb-2021 20:39:13,25-Feb-2021 20:39:13,trevor.dobbin@semarchy.com,trevor.dobbin@semarchy.com,DE_BASED,GD
Mathematics.Applied Mathematical Sciences,Applied Mathematical Sciences,Mathematics,Mathematics,Mathematics,MasterProgram,"1,649",25-Feb-2021 20:39:13,25-Feb-2021 20:39:13,trevor.dobbin@semarchy.com,trevor.dobbin@semarchy.com,DE_BASED,GD
Mathematics.Mathematical Finance,Mathematical Finance,Mathematics,Mathematics,Mathematics,MasterProgram,"1,649",25-Feb-2021 20:39:13,25-Feb-2021 20:39:13,trevor.dobbin@semarchy.com,trevor.dobbin@semarchy.com,DE_BASED,GD
Mathematics.Mathematics,Mathematics,Mathematics,Mathematics,Mathematics,MasterProgram,"1,649",25-Feb-2021 20:39:13,25-Feb-2021 20:39:13,trevor.dobbin@semarchy.com,trevor.dobbin@semarchy.com,DE_BASED,GD
Mathematics.Mathematics and Computer Science,Mathematics and Computer Science,Mathematics,Mathematics,Mathematics,MasterProgram,"1,649",25-Feb-2021 20:39:13,25-Feb-2021 20:39:13,trevor.dobbin@semarchy.com,trevor.dobbin@semarchy.com,DE_BASED,GD
Mathematics.Mathematics and Philosophy,Mathematics and Philosophy,Mathematics,Mathematics,Mathematics,MasterProgram,"1,649",25-Feb-2021 20:39:13,25-Feb-2021 20:39:13,trevor.dobbin@semarchy.com,trevor.dobbin@semarchy.com,DE_BASED,GD
Mathematics.Social Sciences,Social Sciences,Mathematics,Mathematics,Mathematics,MasterProgram,"1,649",25-Feb-2021 20:39:13,25-Feb-2021 20:39:13,trevor.dobbin@semarchy.com,trevor.dobbin@semarchy.com,DE_BASED,GD
Mathematics.Statistics,Statistics,Mathematics,Mathematics,Mathematics,MasterProgram,"1,649",25-Feb-2021 20:39:13,25-Feb-2021 20:39:13,trevor.dobbin@semarchy.com,trevor.dobbin@semarchy.com,DE_BASED,GD
Media Studies.Digital Media,Digital Media,Media Studies,Media Studies,Media Studies,MasterProgram,"1,649",25-Feb-2021 20:39:13,25-Feb-2021 20:39:13,trevor.dobbin@semarchy.com,trevor.dobbin@semarchy.com,DE_BASED,GD
Media Studies.Media,Media,Media Studies,Media Studies,Media Studies,MasterProgram,"1,649",25-Feb-2021 20:39:13,25-Feb-2021 20:39:13,trevor.dobbin@semarchy.com,trevor.dobbin@semarchy.com,DE_BASED,GD
Media Studies.Multimedia Studies,Multimedia Studies,Media Studies,Media Studies,Media Studies,MasterProgram,"1,649",25-Feb-2021 20:39:13,25-Feb-2021 20:39:13,trevor.dobbin@semarchy.com,trevor.dobbin@semarchy.com,DE_BASED,GD
Media Studies.Public Relations,Public Relations,Media Studies,Media Studies,Media Studies,MasterProgram,"1,649",25-Feb-2021 20:39:13,25-Feb-2021 20:39:13,trevor.dobbin@semarchy.com,trevor.dobbin@semarchy.com,DE_BASED,GD
Medicine.Anaesthetics,Anaesthetics,Medicine,Medicine,Medicine,MasterProgram,"1,649",25-Feb-2021 20:39:13,25-Feb-2021 20:39:13,trevor.dobbin@semarchy.com,trevor.dobbin@semarchy.com,DE_BASED,GD
Medicine.Cardiology,Cardiology,Medicine,Medicine,Medicine,MasterProgram,"1,649",25-Feb-2021 20:39:13,25-Feb-2021 20:39:13,trevor.dobbin@semarchy.com,trevor.dobbin@semarchy.com,DE_BASED,GD
Medicine.Dentistry,Dentistry,Medicine,Medicine,Medicine,MasterProgram,"1,649",25-Feb-2021 20:39:13,25-Feb-2021 20:39:13,trevor.dobbin@semarchy.com,trevor.dobbin@semarchy.com,DE_BASED,GD
Medicine.Dermatology,Dermatology,Medicine,Medicine,Medicine,MasterProgram,"1,649",25-Feb-2021 20:39:13,25-Feb-2021 20:39:13,trevor.dobbin@semarchy.com,trevor.dobbin@semarchy.com,DE_BASED,GD
Medicine.Diagnostic Medical Ultrasound,Diagnostic Medical Ultrasound,Medicine,Medicine,Medicine,MasterProgram,"1,649",25-Feb-2021 20:39:13,25-Feb-2021 20:39:13,trevor.dobbin@semarchy.com,trevor.dobbin@semarchy.com,DE_BASED,GD
Medicine.Epidemiology,Epidemiology,Medicine,Medicine,Medicine,MasterProgram,"1,649",25-Feb-2021 20:39:13,25-Feb-2021 20:39:13,trevor.dobbin@semarchy.com,trevor.dobbin@semarchy.com,DE_BASED,GD
Medicine.Gynecology and obstetrics,Gynecology and obstetrics,Medicine,Medicine,Medicine,MasterProgram,"1,649",25-Feb-2021 20:39:13,25-Feb-2021 20:39:13,trevor.dobbin@semarchy.com,trevor.dobbin@semarchy.com,DE_BASED,GD
Medicine.Medical Technology,Medical Technology,Medicine,Medicine,Medicine,MasterProgram,"1,649",25-Feb-2021 20:39:13,25-Feb-2021 20:39:13,trevor.dobbin@semarchy.com,trevor.dobbin@semarchy.com,DE_BASED,GD
Medicine.Medicine,Medicine,Medicine,Medicine,Medicine,MasterProgram,"1,649",25-Feb-2021 20:39:13,25-Feb-2021 20:39:13,trevor.dobbin@semarchy.com,trevor.dobbin@semarchy.com,DE_BASED,GD
Medicine.Neurosurgery,Neurosurgery,Medicine,Medicine,Medicine,MasterProgram,"1,649",25-Feb-2021 20:39:13,25-Feb-2021 20:39:13,trevor.dobbin@semarchy.com,trevor.dobbin@semarchy.com,DE_BASED,GD
Medicine.Oncology,Oncology,Medicine,Medicine,Medicine,MasterProgram,"1,649",25-Feb-2021 20:39:13,25-Feb-2021 20:39:13,trevor.dobbin@semarchy.com,trevor.dobbin@semarchy.com,DE_BASED,GD
Medicine.Ophthalmology,Ophthalmology,Medicine,Medicine,Medicine,MasterProgram,"1,649",25-Feb-2021 20:39:13,25-Feb-2021 20:39:13,trevor.dobbin@semarchy.com,trevor.dobbin@semarchy.com,DE_BASED,GD
Medicine.Orthopaedics,Orthopaedics,Medicine,Medicine,Medicine,MasterProgram,"1,649",25-Feb-2021 20:39:13,25-Feb-2021 20:39:13,trevor.dobbin@semarchy.com,trevor.dobbin@semarchy.com,DE_BASED,GD
Medicine.Pediatrics,Pediatrics,Medicine,Medicine,Medicine,MasterProgram,"1,649",25-Feb-2021 20:39:13,25-Feb-2021 20:39:13,trevor.dobbin@semarchy.com,trevor.dobbin@semarchy.com,DE_BASED,GD
Medicine.Pre-Medicine,Pre-Medicine,Medicine,Medicine,Medicine,MasterProgram,"1,649",25-Feb-2021 20:39:13,25-Feb-2021 20:39:13,trevor.dobbin@semarchy.com,trevor.dobbin@semarchy.com,DE_BASED,GD
Medicine.Radiology,Radiology,Medicine,Medicine,Medicine,MasterProgram,"1,649",25-Feb-2021 20:39:13,25-Feb-2021 20:39:13,trevor.dobbin@semarchy.com,trevor.dobbin@semarchy.com,DE_BASED,GD
Medicine.Respiratory Therapy,Respiratory Therapy,Medicine,Medicine,Medicine,MasterProgram,"1,649",25-Feb-2021 20:39:13,25-Feb-2021 20:39:13,trevor.dobbin@semarchy.com,trevor.dobbin@semarchy.com,DE_BASED,GD
Medicine.Surgery,Surgery,Medicine,Medicine,Medicine,MasterProgram,"1,649",25-Feb-2021 20:39:13,25-Feb-2021 20:39:13,trevor.dobbin@semarchy.com,trevor.dobbin@semarchy.com,DE_BASED,GD
Medicine.Veterinary Science,Veterinary Science,Medicine,Medicine,Medicine,MasterProgram,"1,649",25-Feb-2021 20:39:13,25-Feb-2021 20:39:13,trevor.dobbin@semarchy.com,trevor.dobbin@semarchy.com,DE_BASED,GD
Science.Accountancy,Accountancy,Science,Science,Science,MasterProgram,"1,649",25-Feb-2021 20:39:13,25-Feb-2021 20:39:13,trevor.dobbin@semarchy.com,trevor.dobbin@semarchy.com,DE_BASED,GD
Science.Agriculture,Agriculture,Science,Science,Science,MasterProgram,"1,649",25-Feb-2021 20:39:13,25-Feb-2021 20:39:13,trevor.dobbin@semarchy.com,trevor.dobbin@semarchy.com,DE_BASED,GD
Science.Animal Science,Animal Science,Science,Science,Science,MasterProgram,"1,649",25-Feb-2021 20:39:13,25-Feb-2021 20:39:13,trevor.dobbin@semarchy.com,trevor.dobbin@semarchy.com,DE_BASED,GD
Science.Applied Cognition and Neuroscience,Applied Cognition and Neuroscience,Science,Science,Science,MasterProgram,"1,649",25-Feb-2021 20:39:13,25-Feb-2021 20:39:13,trevor.dobbin@semarchy.com,trevor.dobbin@semarchy.com,DE_BASED,GD
Science.Applied Psychology,Applied Psychology,Science,Science,Science,MasterProgram,"1,649",25-Feb-2021 20:39:13,25-Feb-2021 20:39:13,trevor.dobbin@semarchy.com,trevor.dobbin@semarchy.com,DE_BASED,GD
Science.Archaeology,Archaeology,Science,Science,Science,MasterProgram,"1,649",25-Feb-2021 20:39:13,25-Feb-2021 20:39:13,trevor.dobbin@semarchy.com,trevor.dobbin@semarchy.com,DE_BASED,GD
Science.Biochemistry,Biochemistry,Science,Science,Science,MasterProgram,"1,649",25-Feb-2021 20:39:13,25-Feb-2021 20:39:13,trevor.dobbin@semarchy.com,trevor.dobbin@semarchy.com,DE_BASED,GD
Science.Bioinformatics,Bioinformatics,Science,Science,Science,MasterProgram,"1,649",25-Feb-2021 20:39:13,25-Feb-2021 20:39:13,trevor.dobbin@semarchy.com,trevor.dobbin@semarchy.com,DE_BASED,GD
Science.Biology,Biology,Science,Science,Science,MasterProgram,"1,649",25-Feb-2021 20:39:13,25-Feb-2021 20:39:13,trevor.dobbin@semarchy.com,trevor.dobbin@semarchy.com,DE_BASED,GD
Science.Biomedical Engineering,Biomedical Engineering,Science,Science,Science,MasterProgram,"1,649",25-Feb-2021 20:39:13,25-Feb-2021 20:39:13,trevor.dobbin@semarchy.com,trevor.dobbin@semarchy.com,DE_BASED,GD
Science.Biomedical Science,Biomedical Science,Science,Science,Science,MasterProgram,"1,649",25-Feb-2021 20:39:13,25-Feb-2021 20:39:13,trevor.dobbin@semarchy.com,trevor.dobbin@semarchy.com,DE_BASED,GD
Science.Bioscience,Bioscience,Science,Science,Science,MasterProgram,"1,649",25-Feb-2021 20:39:13,25-Feb-2021 20:39:13,trevor.dobbin@semarchy.com,trevor.dobbin@semarchy.com,DE_BASED,GD
Science.Biotechnology,Biotechnology,Science,Science,Science,MasterProgram,"1,649",25-Feb-2021 20:39:13,25-Feb-2021 20:39:13,trevor.dobbin@semarchy.com,trevor.dobbin@semarchy.com,DE_BASED,GD
Science.Botany,Botany,Science,Science,Science,MasterProgram,"1,649",25-Feb-2021 20:39:13,25-Feb-2021 20:39:13,trevor.dobbin@semarchy.com,trevor.dobbin@semarchy.com,DE_BASED,GD
Science.Chemistry,Chemistry,Science,Science,Science,MasterProgram,"1,649",25-Feb-2021 20:39:13,25-Feb-2021 20:39:13,trevor.dobbin@semarchy.com,trevor.dobbin@semarchy.com,DE_BASED,GD
Science.Clinical Psychology,Clinical Psychology,Science,Science,Science,MasterProgram,"1,649",25-Feb-2021 20:39:13,25-Feb-2021 20:39:13,trevor.dobbin@semarchy.com,trevor.dobbin@semarchy.com,DE_BASED,GD
Science.Cognitive Science,Cognitive Science,Science,Science,Science,MasterProgram,"1,649",25-Feb-2021 20:39:13,25-Feb-2021 20:39:13,trevor.dobbin@semarchy.com,trevor.dobbin@semarchy.com,DE_BASED,GD
Science.Criminology,Criminology,Science,Science,Science,MasterProgram,"1,649",25-Feb-2021 20:39:13,25-Feb-2021 20:39:13,trevor.dobbin@semarchy.com,trevor.dobbin@semarchy.com,DE_BASED,GD
Science.Earth Science,Earth Science,Science,Science,Science,MasterProgram,"1,649",25-Feb-2021 20:39:13,25-Feb-2021 20:39:13,trevor.dobbin@semarchy.com,trevor.dobbin@semarchy.com,DE_BASED,GD
Science.Environmental Engineering,Environmental Engineering,Science,Science,Science,MasterProgram,"1,649",25-Feb-2021 20:39:13,25-Feb-2021 20:39:13,trevor.dobbin@semarchy.com,trevor.dobbin@semarchy.com,DE_BASED,GD
Science.Environmental Science,Environmental Science,Science,Science,Science,MasterProgram,"1,649",25-Feb-2021 20:39:13,25-Feb-2021 20:39:13,trevor.dobbin@semarchy.com,trevor.dobbin@semarchy.com,DE_BASED,GD
Science.Environmental Studies,Environmental Studies,Science,Science,Science,MasterProgram,"1,649",25-Feb-2021 20:39:13,25-Feb-2021 20:39:13,trevor.dobbin@semarchy.com,trevor.dobbin@semarchy.com,DE_BASED,GD
Science.Food Science,Food Science,Science,Science,Science,MasterProgram,"1,649",25-Feb-2021 20:39:13,25-Feb-2021 20:39:13,trevor.dobbin@semarchy.com,trevor.dobbin@semarchy.com,DE_BASED,GD
Science.Forensic Psychology,Forensic Psychology,Science,Science,Science,MasterProgram,"1,649",25-Feb-2021 20:39:13,25-Feb-2021 20:39:13,trevor.dobbin@semarchy.com,trevor.dobbin@semarchy.com,DE_BASED,GD
Science.Forensic Science,Forensic Science,Science,Science,Science,MasterProgram,"1,649",25-Feb-2021 20:39:13,25-Feb-2021 20:39:13,trevor.dobbin@semarchy.com,trevor.dobbin@semarchy.com,DE_BASED,GD
Science.Forestry,Forestry,Science,Science,Science,MasterProgram,"1,649",25-Feb-2021 20:39:13,25-Feb-2021 20:39:13,trevor.dobbin@semarchy.com,trevor.dobbin@semarchy.com,DE_BASED,GD
Science.Genetics,Genetics,Science,Science,Science,MasterProgram,"1,649",25-Feb-2021 20:39:13,25-Feb-2021 20:39:13,trevor.dobbin@semarchy.com,trevor.dobbin@semarchy.com,DE_BASED,GD
Science.Geography,Geography,Science,Science,Science,MasterProgram,"1,649",25-Feb-2021 20:39:13,25-Feb-2021 20:39:13,trevor.dobbin@semarchy.com,trevor.dobbin@semarchy.com,DE_BASED,GD
Science.Geology,Geology,Science,Science,Science,MasterProgram,"1,649",25-Feb-2021 20:39:13,25-Feb-2021 20:39:13,trevor.dobbin@semarchy.com,trevor.dobbin@semarchy.com,DE_BASED,GD
Science.Geophysics,Geophysics,Science,Science,Science,MasterProgram,"1,649",25-Feb-2021 20:39:13,25-Feb-2021 20:39:13,trevor.dobbin@semarchy.com,trevor.dobbin@semarchy.com,DE_BASED,GD
Science.Health Administration,Health Administration,Science,Science,Science,MasterProgram,"1,649",25-Feb-2021 20:39:13,25-Feb-2021 20:39:13,trevor.dobbin@semarchy.com,trevor.dobbin@semarchy.com,DE_BASED,GD
Science.Health Science,Health Science,Science,Science,Science,MasterProgram,"1,649",25-Feb-2021 20:39:13,25-Feb-2021 20:39:13,trevor.dobbin@semarchy.com,trevor.dobbin@semarchy.com,DE_BASED,GD
Science.Humanities,Humanities,Science,Science,Science,MasterProgram,"1,649",25-Feb-2021 20:39:13,25-Feb-2021 20:39:13,trevor.dobbin@semarchy.com,trevor.dobbin@semarchy.com,DE_BASED,GD
Science.International Relations,International Relations,Science,Science,Science,MasterProgram,"1,649",25-Feb-2021 20:39:13,25-Feb-2021 20:39:13,trevor.dobbin@semarchy.com,trevor.dobbin@semarchy.com,DE_BASED,GD
Science.Kinesiology,Kinesiology,Science,Science,Science,MasterProgram,"1,649",25-Feb-2021 20:39:13,25-Feb-2021 20:39:13,trevor.dobbin@semarchy.com,trevor.dobbin@semarchy.com,DE_BASED,GD
Science.Management,Management,Science,Science,Science,MasterProgram,"1,649",25-Feb-2021 20:39:13,25-Feb-2021 20:39:13,trevor.dobbin@semarchy.com,trevor.dobbin@semarchy.com,DE_BASED,GD
Science.Marine Biology,Marine Biology,Science,Science,Science,MasterProgram,"1,649",25-Feb-2021 20:39:13,25-Feb-2021 20:39:13,trevor.dobbin@semarchy.com,trevor.dobbin@semarchy.com,DE_BASED,GD
Science.Media Production,Media Production,Science,Science,Science,MasterProgram,"1,649",25-Feb-2021 20:39:13,25-Feb-2021 20:39:13,trevor.dobbin@semarchy.com,trevor.dobbin@semarchy.com,DE_BASED,GD
Science.Meteorology,Meteorology,Science,Science,Science,MasterProgram,"1,649",25-Feb-2021 20:39:13,25-Feb-2021 20:39:13,trevor.dobbin@semarchy.com,trevor.dobbin@semarchy.com,DE_BASED,GD
Science.Microbiology,Microbiology,Science,Science,Science,MasterProgram,"1,649",25-Feb-2021 20:39:13,25-Feb-2021 20:39:13,trevor.dobbin@semarchy.com,trevor.dobbin@semarchy.com,DE_BASED,GD
Science.Molecular Biology,Molecular Biology,Science,Science,Science,MasterProgram,"1,649",25-Feb-2021 20:39:13,25-Feb-2021 20:39:13,trevor.dobbin@semarchy.com,trevor.dobbin@semarchy.com,DE_BASED,GD
Science.Natural Science,Natural Science,Science,Science,Science,MasterProgram,"1,649",25-Feb-2021 20:39:13,25-Feb-2021 20:39:13,trevor.dobbin@semarchy.com,trevor.dobbin@semarchy.com,DE_BASED,GD
Science.Neuroscience,Neuroscience,Science,Science,Science,MasterProgram,"1,649",25-Feb-2021 20:39:13,25-Feb-2021 20:39:13,trevor.dobbin@semarchy.com,trevor.dobbin@semarchy.com,DE_BASED,GD
Science.Nursing,Nursing,Science,Science,Science,MasterProgram,"1,649",25-Feb-2021 20:39:13,25-Feb-2021 20:39:13,trevor.dobbin@semarchy.com,trevor.dobbin@semarchy.com,DE_BASED,GD
Science.Nutrition Science,Nutrition Science,Science,Science,Science,MasterProgram,"1,649",25-Feb-2021 20:39:13,25-Feb-2021 20:39:13,trevor.dobbin@semarchy.com,trevor.dobbin@semarchy.com,DE_BASED,GD
Science.Occupational Therapy,Occupational Therapy,Science,Science,Science,MasterProgram,"1,649",25-Feb-2021 20:39:13,25-Feb-2021 20:39:13,trevor.dobbin@semarchy.com,trevor.dobbin@semarchy.com,DE_BASED,GD
Science.Organizational Psychology,Organizational Psychology,Science,Science,Science,MasterProgram,"1,649",25-Feb-2021 20:39:13,25-Feb-2021 20:39:13,trevor.dobbin@semarchy.com,trevor.dobbin@semarchy.com,DE_BASED,GD
Science.Pharmacology,Pharmacology,Science,Science,Science,MasterProgram,"1,649",25-Feb-2021 20:39:13,25-Feb-2021 20:39:13,trevor.dobbin@semarchy.com,trevor.dobbin@semarchy.com,DE_BASED,GD
Science.Pharmacy,Pharmacy,Science,Science,Science,MasterProgram,"1,649",25-Feb-2021 20:39:13,25-Feb-2021 20:39:13,trevor.dobbin@semarchy.com,trevor.dobbin@semarchy.com,DE_BASED,GD
Science.Physical Science,Physical Science,Science,Science,Science,MasterProgram,"1,649",25-Feb-2021 20:39:13,25-Feb-2021 20:39:13,trevor.dobbin@semarchy.com,trevor.dobbin@semarchy.com,DE_BASED,GD
Science.Physical Therapy,Physical Therapy,Science,Science,Science,MasterProgram,"1,649",25-Feb-2021 20:39:13,25-Feb-2021 20:39:13,trevor.dobbin@semarchy.com,trevor.dobbin@semarchy.com,DE_BASED,GD
Science.Physics,Physics,Science,Science,Science,MasterProgram,"1,649",25-Feb-2021 20:39:13,25-Feb-2021 20:39:13,trevor.dobbin@semarchy.com,trevor.dobbin@semarchy.com,DE_BASED,GD
Science.Physiology,Physiology,Science,Science,Science,MasterProgram,"1,649",25-Feb-2021 20:39:13,25-Feb-2021 20:39:13,trevor.dobbin@semarchy.com,trevor.dobbin@semarchy.com,DE_BASED,GD
Science.Plant Science,Plant Science,Science,Science,Science,MasterProgram,"1,649",25-Feb-2021 20:39:13,25-Feb-2021 20:39:13,trevor.dobbin@semarchy.com,trevor.dobbin@semarchy.com,DE_BASED,GD
Science.Political Science,Political Science,Science,Science,Science,MasterProgram,"1,649",25-Feb-2021 20:39:13,25-Feb-2021 20:39:13,trevor.dobbin@semarchy.com,trevor.dobbin@semarchy.com,DE_BASED,GD
Science.Public Health,Public Health,Science,Science,Science,MasterProgram,"1,649",25-Feb-2021 20:39:13,25-Feb-2021 20:39:13,trevor.dobbin@semarchy.com,trevor.dobbin@semarchy.com,DE_BASED,GD
Science.Science,Science,Science,Science,Science,MasterProgram,"1,649",25-Feb-2021 20:39:13,25-Feb-2021 20:39:13,trevor.dobbin@semarchy.com,trevor.dobbin@semarchy.com,DE_BASED,GD
Science.Sports Management,Sports Management,Science,Science,Science,MasterProgram,"1,649",25-Feb-2021 20:39:13,25-Feb-2021 20:39:13,trevor.dobbin@semarchy.com,trevor.dobbin@semarchy.com,DE_BASED,GD
Science.Toxicology,Toxicology,Science,Science,Science,MasterProgram,"1,649",25-Feb-2021 20:39:13,25-Feb-2021 20:39:13,trevor.dobbin@semarchy.com,trevor.dobbin@semarchy.com,DE_BASED,GD
Science.Veterinary Science,Veterinary Science,Science,Science,Science,MasterProgram,"1,649",25-Feb-2021 20:39:13,25-Feb-2021 20:39:13,trevor.dobbin@semarchy.com,trevor.dobbin@semarchy.com,DE_BASED,GD
Science.Zoology,Zoology,Science,Science,Science,MasterProgram,"1,649",25-Feb-2021 20:39:13,25-Feb-2021 20:39:13,trevor.dobbin@semarchy.com,trevor.dobbin@semarchy.com,DE_BASED,GD
Social Sciences.Accountancy,Accountancy,Social Sciences,Social Sciences,Social Sciences,MasterProgram,"1,649",25-Feb-2021 20:39:13,25-Feb-2021 20:39:13,trevor.dobbin@semarchy.com,trevor.dobbin@semarchy.com,DE_BASED,GD
Social Sciences.Actuarial Science,Actuarial Science,Social Sciences,Social Sciences,Social Sciences,MasterProgram,"1,649",25-Feb-2021 20:39:13,25-Feb-2021 20:39:13,trevor.dobbin@semarchy.com,trevor.dobbin@semarchy.com,DE_BASED,GD
Social Sciences.American Studies,American Studies,Social Sciences,Social Sciences,Social Sciences,MasterProgram,"1,649",25-Feb-2021 20:39:13,25-Feb-2021 20:39:13,trevor.dobbin@semarchy.com,trevor.dobbin@semarchy.com,DE_BASED,GD
Social Sciences.Anthropology,Anthropology,Social Sciences,Social Sciences,Social Sciences,MasterProgram,"1,649",25-Feb-2021 20:39:13,25-Feb-2021 20:39:13,trevor.dobbin@semarchy.com,trevor.dobbin@semarchy.com,DE_BASED,GD
Social Sciences.Arabic,Arabic,Social Sciences,Social Sciences,Social Sciences,MasterProgram,"1,649",25-Feb-2021 20:39:13,25-Feb-2021 20:39:13,trevor.dobbin@semarchy.com,trevor.dobbin@semarchy.com,DE_BASED,GD
Social Sciences.Chinese,Chinese,Social Sciences,Social Sciences,Social Sciences,MasterProgram,"1,649",25-Feb-2021 20:39:13,25-Feb-2021 20:39:13,trevor.dobbin@semarchy.com,trevor.dobbin@semarchy.com,DE_BASED,GD
Social Sciences.Classics,Classics,Social Sciences,Social Sciences,Social Sciences,MasterProgram,"1,649",25-Feb-2021 20:39:13,25-Feb-2021 20:39:13,trevor.dobbin@semarchy.com,trevor.dobbin@semarchy.com,DE_BASED,GD
Social Sciences.Communication,Communication,Social Sciences,Social Sciences,Social Sciences,MasterProgram,"1,649",25-Feb-2021 20:39:13,25-Feb-2021 20:39:13,trevor.dobbin@semarchy.com,trevor.dobbin@semarchy.com,DE_BASED,GD
Social Sciences.Computer Engineering,Computer Engineering,Social Sciences,Social Sciences,Social Sciences,MasterProgram,"1,649",25-Feb-2021 20:39:13,25-Feb-2021 20:39:13,trevor.dobbin@semarchy.com,trevor.dobbin@semarchy.com,DE_BASED,GD
Social Sciences.Counseling,Counseling,Social Sciences,Social Sciences,Social Sciences,MasterProgram,"1,649",25-Feb-2021 20:39:13,25-Feb-2021 20:39:13,trevor.dobbin@semarchy.com,trevor.dobbin@semarchy.com,DE_BASED,GD
Social Sciences.Creative Writing,Creative Writing,Social Sciences,Social Sciences,Social Sciences,MasterProgram,"1,649",25-Feb-2021 20:39:13,25-Feb-2021 20:39:13,trevor.dobbin@semarchy.com,trevor.dobbin@semarchy.com,DE_BASED,GD
Social Sciences.Criminology,Criminology,Social Sciences,Social Sciences,Social Sciences,MasterProgram,"1,649",25-Feb-2021 20:39:13,25-Feb-2021 20:39:13,trevor.dobbin@semarchy.com,trevor.dobbin@semarchy.com,DE_BASED,GD
Social Sciences.Cultural Studies,Cultural Studies,Social Sciences,Social Sciences,Social Sciences,MasterProgram,"1,649",25-Feb-2021 20:39:13,25-Feb-2021 20:39:13,trevor.dobbin@semarchy.com,trevor.dobbin@semarchy.com,DE_BASED,GD
Social Sciences.Economics,Economics,Social Sciences,Social Sciences,Social Sciences,MasterProgram,"1,649",25-Feb-2021 20:39:13,25-Feb-2021 20:39:13,trevor.dobbin@semarchy.com,trevor.dobbin@semarchy.com,DE_BASED,GD
Social Sciences.Education,Education,Social Sciences,Social Sciences,Social Sciences,MasterProgram,"1,649",25-Feb-2021 20:39:13,25-Feb-2021 20:39:13,trevor.dobbin@semarchy.com,trevor.dobbin@semarchy.com,DE_BASED,GD
Social Sciences.English,English,Social Sciences,Social Sciences,Social Sciences,MasterProgram,"1,649",25-Feb-2021 20:39:13,25-Feb-2021 20:39:13,trevor.dobbin@semarchy.com,trevor.dobbin@semarchy.com,DE_BASED,GD
Social Sciences.English Composition,English Composition,Social Sciences,Social Sciences,Social Sciences,MasterProgram,"1,649",25-Feb-2021 20:39:13,25-Feb-2021 20:39:13,trevor.dobbin@semarchy.com,trevor.dobbin@semarchy.com,DE_BASED,GD
Social Sciences.English Literature,English Literature,Social Sciences,Social Sciences,Social Sciences,MasterProgram,"1,649",25-Feb-2021 20:39:13,25-Feb-2021 20:39:13,trevor.dobbin@semarchy.com,trevor.dobbin@semarchy.com,DE_BASED,GD
Social Sciences.Enterprise,Enterprise,Social Sciences,Social Sciences,Social Sciences,MasterProgram,"1,649",25-Feb-2021 20:39:13,25-Feb-2021 20:39:13,trevor.dobbin@semarchy.com,trevor.dobbin@semarchy.com,DE_BASED,GD
Social Sciences.Environmental Studies,Environmental Studies,Social Sciences,Social Sciences,Social Sciences,MasterProgram,"1,649",25-Feb-2021 20:39:13,25-Feb-2021 20:39:13,trevor.dobbin@semarchy.com,trevor.dobbin@semarchy.com,DE_BASED,GD
Social Sciences.French,French,Social Sciences,Social Sciences,Social Sciences,MasterProgram,"1,649",25-Feb-2021 20:39:13,25-Feb-2021 20:39:13,trevor.dobbin@semarchy.com,trevor.dobbin@semarchy.com,DE_BASED,GD
Social Sciences.Gender Studies,Gender Studies,Social Sciences,Social Sciences,Social Sciences,MasterProgram,"1,649",25-Feb-2021 20:39:13,25-Feb-2021 20:39:13,trevor.dobbin@semarchy.com,trevor.dobbin@semarchy.com,DE_BASED,GD
Social Sciences.German,German,Social Sciences,Social Sciences,Social Sciences,MasterProgram,"1,649",25-Feb-2021 20:39:13,25-Feb-2021 20:39:13,trevor.dobbin@semarchy.com,trevor.dobbin@semarchy.com,DE_BASED,GD
Social Sciences.Health Science,Health Science,Social Sciences,Social Sciences,Social Sciences,MasterProgram,"1,649",25-Feb-2021 20:39:13,25-Feb-2021 20:39:13,trevor.dobbin@semarchy.com,trevor.dobbin@semarchy.com,DE_BASED,GD
Social Sciences.History,History,Social Sciences,Social Sciences,Social Sciences,MasterProgram,"1,649",25-Feb-2021 20:39:13,25-Feb-2021 20:39:13,trevor.dobbin@semarchy.com,trevor.dobbin@semarchy.com,DE_BASED,GD
Social Sciences.Hospitality Management,Hospitality Management,Social Sciences,Social Sciences,Social Sciences,MasterProgram,"1,649",25-Feb-2021 20:39:13,25-Feb-2021 20:39:13,trevor.dobbin@semarchy.com,trevor.dobbin@semarchy.com,DE_BASED,GD
Social Sciences.Human Development,Human Development,Social Sciences,Social Sciences,Social Sciences,MasterProgram,"1,649",25-Feb-2021 20:39:13,25-Feb-2021 20:39:13,trevor.dobbin@semarchy.com,trevor.dobbin@semarchy.com,DE_BASED,GD
Social Sciences.Humanities,Humanities,Social Sciences,Social Sciences,Social Sciences,MasterProgram,"1,649",25-Feb-2021 20:39:13,25-Feb-2021 20:39:13,trevor.dobbin@semarchy.com,trevor.dobbin@semarchy.com,DE_BASED,GD
Social Sciences.International Relations,International Relations,Social Sciences,Social Sciences,Social Sciences,MasterProgram,"1,649",25-Feb-2021 20:39:13,25-Feb-2021 20:39:13,trevor.dobbin@semarchy.com,trevor.dobbin@semarchy.com,DE_BASED,GD
Social Sciences.Journalism,Journalism,Social Sciences,Social Sciences,Social Sciences,MasterProgram,"1,649",25-Feb-2021 20:39:13,25-Feb-2021 20:39:13,trevor.dobbin@semarchy.com,trevor.dobbin@semarchy.com,DE_BASED,GD
Social Sciences.Languages,Languages,Social Sciences,Social Sciences,Social Sciences,MasterProgram,"1,649",25-Feb-2021 20:39:13,25-Feb-2021 20:39:13,trevor.dobbin@semarchy.com,trevor.dobbin@semarchy.com,DE_BASED,GD
Social Sciences.Latin,Latin,Social Sciences,Social Sciences,Social Sciences,MasterProgram,"1,649",25-Feb-2021 20:39:13,25-Feb-2021 20:39:13,trevor.dobbin@semarchy.com,trevor.dobbin@semarchy.com,DE_BASED,GD
Social Sciences.Leadership,Leadership,Social Sciences,Social Sciences,Social Sciences,MasterProgram,"1,649",25-Feb-2021 20:39:13,25-Feb-2021 20:39:13,trevor.dobbin@semarchy.com,trevor.dobbin@semarchy.com,DE_BASED,GD
Social Sciences.Liberal Studies,Liberal Studies,Social Sciences,Social Sciences,Social Sciences,MasterProgram,"1,649",25-Feb-2021 20:39:13,25-Feb-2021 20:39:13,trevor.dobbin@semarchy.com,trevor.dobbin@semarchy.com,DE_BASED,GD
Social Sciences.Library and Information Science,Library and Information Science,Social Sciences,Social Sciences,Social Sciences,MasterProgram,"1,649",25-Feb-2021 20:39:13,25-Feb-2021 20:39:13,trevor.dobbin@semarchy.com,trevor.dobbin@semarchy.com,DE_BASED,GD
Social Sciences.Linguistics,Linguistics,Social Sciences,Social Sciences,Social Sciences,MasterProgram,"1,649",25-Feb-2021 20:39:13,25-Feb-2021 20:39:13,trevor.dobbin@semarchy.com,trevor.dobbin@semarchy.com,DE_BASED,GD
Social Sciences.Marketing,Marketing,Social Sciences,Social Sciences,Social Sciences,MasterProgram,"1,649",25-Feb-2021 20:39:13,25-Feb-2021 20:39:13,trevor.dobbin@semarchy.com,trevor.dobbin@semarchy.com,DE_BASED,GD
Social Sciences.Mass Communication and Journalism,Mass Communication and Journalism,Social Sciences,Social Sciences,Social Sciences,MasterProgram,"1,649",25-Feb-2021 20:39:13,25-Feb-2021 20:39:13,trevor.dobbin@semarchy.com,trevor.dobbin@semarchy.com,DE_BASED,GD
Social Sciences.Media Studies,Media Studies,Social Sciences,Social Sciences,Social Sciences,MasterProgram,"1,649",25-Feb-2021 20:39:13,25-Feb-2021 20:39:13,trevor.dobbin@semarchy.com,trevor.dobbin@semarchy.com,DE_BASED,GD
Social Sciences.Philosophy,Philosophy,Social Sciences,Social Sciences,Social Sciences,MasterProgram,"1,649",25-Feb-2021 20:39:13,25-Feb-2021 20:39:13,trevor.dobbin@semarchy.com,trevor.dobbin@semarchy.com,DE_BASED,GD
Social Sciences.Political Science,Political Science,Social Sciences,Social Sciences,Social Sciences,MasterProgram,"1,649",25-Feb-2021 20:39:13,25-Feb-2021 20:39:13,trevor.dobbin@semarchy.com,trevor.dobbin@semarchy.com,DE_BASED,GD
Social Sciences.Psychology,Psychology,Social Sciences,Social Sciences,Social Sciences,MasterProgram,"1,649",25-Feb-2021 20:39:13,25-Feb-2021 20:39:13,trevor.dobbin@semarchy.com,trevor.dobbin@semarchy.com,DE_BASED,GD
Social Sciences.Public Affairs,Public Affairs,Social Sciences,Social Sciences,Social Sciences,MasterProgram,"1,649",25-Feb-2021 20:39:13,25-Feb-2021 20:39:13,trevor.dobbin@semarchy.com,trevor.dobbin@semarchy.com,DE_BASED,GD
Social Sciences.Public Policy,Public Policy,Social Sciences,Social Sciences,Social Sciences,MasterProgram,"1,649",25-Feb-2021 20:39:13,25-Feb-2021 20:39:13,trevor.dobbin@semarchy.com,trevor.dobbin@semarchy.com,DE_BASED,GD
Social Sciences.Public Relations,Public Relations,Social Sciences,Social Sciences,Social Sciences,MasterProgram,"1,649",25-Feb-2021 20:39:13,25-Feb-2021 20:39:13,trevor.dobbin@semarchy.com,trevor.dobbin@semarchy.com,DE_BASED,GD
Social Sciences.Religion,Religion,Social Sciences,Social Sciences,Social Sciences,MasterProgram,"1,649",25-Feb-2021 20:39:13,25-Feb-2021 20:39:13,trevor.dobbin@semarchy.com,trevor.dobbin@semarchy.com,DE_BASED,GD
Social Sciences.Religious Education,Religious Education,Social Sciences,Social Sciences,Social Sciences,MasterProgram,"1,649",25-Feb-2021 20:39:13,25-Feb-2021 20:39:13,trevor.dobbin@semarchy.com,trevor.dobbin@semarchy.com,DE_BASED,GD
Social Sciences.Science,Science,Social Sciences,Social Sciences,Social Sciences,MasterProgram,"1,649",25-Feb-2021 20:39:13,25-Feb-2021 20:39:13,trevor.dobbin@semarchy.com,trevor.dobbin@semarchy.com,DE_BASED,GD
Social Sciences.Security,Security,Social Sciences,Social Sciences,Social Sciences,MasterProgram,"1,649",25-Feb-2021 20:39:13,25-Feb-2021 20:39:13,trevor.dobbin@semarchy.com,trevor.dobbin@semarchy.com,DE_BASED,GD
Social Sciences.Social Policy,Social Policy,Social Sciences,Social Sciences,Social Sciences,MasterProgram,"1,649",25-Feb-2021 20:39:13,25-Feb-2021 20:39:13,trevor.dobbin@semarchy.com,trevor.dobbin@semarchy.com,DE_BASED,GD
Social Sciences.Social Sciences,Social Sciences,Social Sciences,Social Sciences,Social Sciences,MasterProgram,"1,649",25-Feb-2021 20:39:13,25-Feb-2021 20:39:13,trevor.dobbin@semarchy.com,trevor.dobbin@semarchy.com,DE_BASED,GD
Social Sciences.Social Work,Social Work,Social Sciences,Social Sciences,Social Sciences,MasterProgram,"1,649",25-Feb-2021 20:39:13,25-Feb-2021 20:39:13,trevor.dobbin@semarchy.com,trevor.dobbin@semarchy.com,DE_BASED,GD
Social Sciences.Sociology,Sociology,Social Sciences,Social Sciences,Social Sciences,MasterProgram,"1,649",25-Feb-2021 20:39:13,25-Feb-2021 20:39:13,trevor.dobbin@semarchy.com,trevor.dobbin@semarchy.com,DE_BASED,GD
Social Sciences.Software Engineering,Software Engineering,Social Sciences,Social Sciences,Social Sciences,MasterProgram,"1,649",25-Feb-2021 20:39:13,25-Feb-2021 20:39:13,trevor.dobbin@semarchy.com,trevor.dobbin@semarchy.com,DE_BASED,GD
Social Sciences.Spanish,Spanish,Social Sciences,Social Sciences,Social Sciences,MasterProgram,"1,649",25-Feb-2021 20:39:13,25-Feb-2021 20:39:13,trevor.dobbin@semarchy.com,trevor.dobbin@semarchy.com,DE_BASED,GD
Social Sciences.Theology,Theology,Social Sciences,Social Sciences,Social Sciences,MasterProgram,"1,649",25-Feb-2021 20:39:13,25-Feb-2021 20:39:13,trevor.dobbin@semarchy.com,trevor.dobbin@semarchy.com,DE_BASED,GD
Sports.English,English,Sports,Sports,Sports,MasterProgram,"1,649",25-Feb-2021 20:39:13,25-Feb-2021 20:39:13,trevor.dobbin@semarchy.com,trevor.dobbin@semarchy.com,DE_BASED,GD
Sports.Environmental Studies,Environmental Studies,Sports,Sports,Sports,MasterProgram,"1,649",25-Feb-2021 20:39:13,25-Feb-2021 20:39:13,trevor.dobbin@semarchy.com,trevor.dobbin@semarchy.com,DE_BASED,GD
Sports.Physical Education,Physical Education,Sports,Sports,Sports,MasterProgram,"1,649",25-Feb-2021 20:39:13,25-Feb-2021 20:39:13,trevor.dobbin@semarchy.com,trevor.dobbin@semarchy.com,DE_BASED,GD
Sports.Sport and Exercise Medicine,Sport and Exercise Medicine,Sports,Sports,Sports,MasterProgram,"1,649",25-Feb-2021 20:39:13,25-Feb-2021 20:39:13,trevor.dobbin@semarchy.com,trevor.dobbin@semarchy.com,DE_BASED,GD
Sports.Sports,Sports,Sports,Sports,Sports,MasterProgram,"1,649",25-Feb-2021 20:39:13,25-Feb-2021 20:39:13,trevor.dobbin@semarchy.com,trevor.dobbin@semarchy.com,DE_BASED,GD
Sports.Sports Management,Sports Management,Sports,Sports,Sports,MasterProgram,"1,649",25-Feb-2021 20:39:13,25-Feb-2021 20:39:13,trevor.dobbin@semarchy.com,trevor.dobbin@semarchy.com,DE_BASED,GD
