﻿First Name,Last Name,Email,Job Title,Primary Phone,Secondary Phone,Linkedin URL,Enable Partner Center Access,Is Partner Admin,Enable Demo Server Access,Parent Party   (Foreign ID),Parent Party  ,Subsidiary   (Foreign ID),Subsidiary  ,Training Level
Susanne,Asteljoki,susanne.asteljoki@solita.fi,,,, |https://www.linkedin.com/in/,false,false,false,"4,495",Solita Oy,,,Certified on 02-Dec-2021
Diana,Frisendal,diana.frisendal@solita.dk,,,, |https://www.linkedin.com/in/,false,false,false,"4,495",Solita Oy,,,Certified on 02-Dec-2021
Emma,Ilmoniemi,emma.ilmoniemi@solita.fi,,,, |https://www.linkedin.com/in/,true,false,true,"4,495",Solita Oy,,,Certified on 02-Dec-2021
Ilari,Huovila,ilari.huovila@solita.fi,,,, |https://www.linkedin.com/in/,false,false,false,"4,495",Solita Oy,,,Certified on 02-Dec-2021
Tony,Lagland,tony.lagland@solita.fi,,,, |https://www.linkedin.com/in/,false,false,false,"4,495",Solita Oy,,,Certified on 02-Dec-2021
Ville,Reinila,ville.reinila@solita.fi,,,, |https://www.linkedin.com/in/,false,false,false,"4,495",Solita Oy,,,Certified on 02-Dec-2021
Jalmari,Sormunen,jalmari.sormunen@solita.fi,,,, |https://www.linkedin.com/in/,false,false,false,"4,495",Solita Oy,,,Certified on 06-May-2021
Miikka,Raivio,miikka.raivio@solita.fi,Not working with Solita any more,,,miikkaraivio/ |https://www.linkedin.com/in/miikkaraivio/,false,false,false,"4,495",Solita Oy,,,Certified on 06-May-2021
Ville,Nousimaa,ville.nousimaa@solita.fi,,,, |https://www.linkedin.com/in/,false,false,false,"4,495",Solita Oy,,,Certified on 06-May-2021
Kimmo,Sipilä,kimmo.sipila@solita.fi,MDM Business Lead,+358 44 750 4442,,kimmo-sipilä-43b4671a |https://www.linkedin.com/in/kimmo-sipilä-43b4671a,true,true,true,"4,495",Solita Oy,,,Certified on 16-Jun-2020
Pekka,Tamminen,pekka.tamminen@solita.fi,Data Architect,+358 440275003,,pekka-tamminen-b8434b4/ |https://www.linkedin.com/in/pekka-tamminen-b8434b4/,true,true,true,"4,495",Solita Oy,,,Certified on 16-Jun-2020
Ossi,Rotonen,ossi.rotonen@solita.fi,Data Engineer,,(+358) 408356204, |https://www.linkedin.com/in/,true,false,true,"4,495",Solita Oy,,,Certified on 16-Jun-2020
Juhani,Saarinen,juhani.saarinen@solita.fi,Data Engineer,,,juhani-saarinen-4ab44874/ |https://www.linkedin.com/in/juhani-saarinen-4ab44874/,true,false,true,"4,495",Solita Oy,,,Certified on 16-Jun-2020
Juha-Pekka,Joutsenlahti,juha-pekka.joutsenlahti@solita.fi,Not working with Solita any more - (Data Architect),+358408463237,,juha-pekka-joutsenlahti-60a29471 |https://www.linkedin.com/in/juha-pekka-joutsenlahti-60a29471,false,false,false,"4,495",Solita Oy,,,Certified on 16-Jun-2020
Aino,Vaittinen,aino.vaittinen@solita.fi,Not working with Solita any more - Data Engineer,,, |https://www.linkedin.com/in/,false,false,false,"4,495",Solita Oy,,,Certified on 16-Jun-2020
Anisa,Bruci,anisa.bruci@solita.ee,,,, |https://www.linkedin.com/in/,false,false,false,"4,495",Solita Oy,,,Certified on 17-Feb-2022
Egle,Palk,egle.palk@solita.ee,,,, |https://www.linkedin.com/in/,false,false,false,"4,495",Solita Oy,,,Certified on 17-Feb-2022
Joel,Vanhalakka,joel.vanhalakka@solita.fi,Data Architect,,, |https://www.linkedin.com/in/,true,true,true,"4,495",Solita Oy,,,Certified on 22-Sep-2020
Peter,Wik,peter.wik@solita.fi,Data Architect,,,peter-wik-6140404b/ |https://www.linkedin.com/in/peter-wik-6140404b/,true,false,true,"4,495",Solita Oy,,,Certified on 22-Sep-2020
Saikat,Sinha,saikat.sinha@solita.fi,Not working with Solita any more - MDM Consultant,,,saikat-sinha-070371ab/ |https://www.linkedin.com/in/saikat-sinha-070371ab/,false,false,false,"4,495",Solita Oy,,,Certified on 22-Sep-2020
Kalle,Karlin,kalle.karlin@solita.fi,,,, |https://www.linkedin.com/in/,false,false,false,"4,495",Solita Oy,,,Certified on 22-Sep-2020
Aleksi,Jokela,aleksi.jokela@solita.fi,,,, |https://www.linkedin.com/in/,false,false,false,"4,495",Solita Oy,,,Certified on 22-Sep-2020
Jouni,Turunen,jouni.turunen@solita.fi,Consultant,,, |https://www.linkedin.com/in/,false,false,false,"4,495",Solita Oy,,,Certified on 22-Sep-2020
Arto,Ryynanen,arto.ryynanen@solita.fi,Business Planning Consultant ,,,arto-ryyn%C3%A4nen-94024847/ |https://www.linkedin.com/in/arto-ryyn%C3%A4nen-94024847/,false,false,false,"4,495",Solita Oy,,,Certified on 23-Feb-2021
Jeremias,Virtanen,jeremias.virtanen@solita.fi,,,, |https://www.linkedin.com/in/,false,false,false,"4,495",Solita Oy,,,Certified on 23-Feb-2021
Petteri,Nyrhilä,petteri.nyrhila@solita.fi,Data Engineer,,,petterinyrhila/ |https://www.linkedin.com/in/petterinyrhila/,false,false,false,"4,495",Solita Oy,,,Certified on 23-Feb-2021
Valtteri,Naskali,valtteri.naskali@solita.fi,Data Engineer,,, |https://www.linkedin.com/in/,false,false,false,"4,495",Solita Oy,,,Certified on 23-Feb-2021
Verna,Ritala,verna.ritala@solita.fi,,,, |https://www.linkedin.com/in/,false,false,false,"4,495",Solita Oy,,,Certified on 23-Feb-2021
Ville,Kauppila,ville.kauppila@solita.fi,,,, |https://www.linkedin.com/in/,false,false,false,"4,495",Solita Oy,,,Certified on 23-Feb-2021
Hampus,Westerman,hampus.westerman@solita.fi,IT consultant,,, |https://www.linkedin.com/in/,false,false,false,"4,495",Solita Oy,,,Trained  on 14-Sep-2020
Linus,Lindberg,linus.lindberg@solita.fi,Developer,,, |https://www.linkedin.com/in/,false,false,false,"4,495",Solita Oy,,,Trained  on 14-Sep-2020
Pekka,Syyrakki,pekka.syyrakki@solita.fi,Director,+49 1723054187,,syyrakki |https://www.linkedin.com/in/syyrakki,true,true,false,"4,495",Solita Oy,,,
Sebastian,Lassas,sebastian.lassas@solita.fi,Not working with Solita any more,+46 73 687 73 44,,sebastian-lassas-aa451032 |https://www.linkedin.com/in/sebastian-lassas-aa451032,false,false,false,"4,495",Solita Oy,,,
Sidharta,Sinha,sidhartha.sinha@solita.fi,Data Architect,+460702962146,, |https://www.linkedin.com/in/,false,false,false,"4,495",Solita Oy,,,
Satu,Tano,satu.tano@solita.fi,,+358447582320,, |https://www.linkedin.com/in/,true,false,false,"4,495",Solita Oy,,,
Florian,Disson,florian.disson@solita.fi,Business Unit Director,+491721860179,, |https://www.linkedin.com/in/,true,true,false,"4,495",Solita Oy,,,
Jyrki,Nurminen,jyrki.nurminen@solita.fi,Sales director,,, |https://www.linkedin.com/in/,true,true,false,"4,495",Solita Oy,,,
Sidharta,Sinha,sidhartha.sinha@solita.se,Not working with Solita anymore,,, |https://www.linkedin.com/in/,false,false,false,"4,495",Solita Oy,,,
Jyrki,Tunnela,jyrki.tunnela@solita.fi,Data Architect,,, |https://www.linkedin.com/in/,true,false,true,"4,495",Solita Oy,,,
Juha,Tammisto,juha.tammisto@solita.fi,Data Engineer,,,juha-tammisto/ |https://www.linkedin.com/in/juha-tammisto/,false,false,false,"4,495",Solita Oy,,,
Anel,Abylkassymova,anel.abylkassymova@solita.ee,,,, |https://www.linkedin.com/in/,false,false,false,"4,495",Solita Oy,,,
Outi,Ainasoja,outi.ainasoja@solita.fi,,,, |https://www.linkedin.com/in/,false,false,false,"4,495",Solita Oy,,,
Rauno,Haime,rauno.haime@solita.fi,,,, |https://www.linkedin.com/in/,false,false,false,"4,495",Solita Oy,,,
Henry,Stryker,henry.stryker@solita.ee,,,, |https://www.linkedin.com/in/,false,false,false,"4,495",Solita Oy,,,
